-- MySQL dump 10.13  Distrib 8.0.39, for Linux (x86_64)
--
-- Host: localhost    Database: neurovartdb
-- ------------------------------------------------------
-- Server version	8.0.39-0ubuntu0.22.04.1

/*!40101 SET @OLD_CHARACTER_SET_CLIENT=@@CHARACTER_SET_CLIENT */;
/*!40101 SET @OLD_CHARACTER_SET_RESULTS=@@CHARACTER_SET_RESULTS */;
/*!40101 SET @OLD_COLLATION_CONNECTION=@@COLLATION_CONNECTION */;
/*!50503 SET NAMES utf8mb4 */;
/*!40103 SET @OLD_TIME_ZONE=@@TIME_ZONE */;
/*!40103 SET TIME_ZONE='+00:00' */;
/*!40014 SET @OLD_UNIQUE_CHECKS=@@UNIQUE_CHECKS, UNIQUE_CHECKS=0 */;
/*!40014 SET @OLD_FOREIGN_KEY_CHECKS=@@FOREIGN_KEY_CHECKS, FOREIGN_KEY_CHECKS=0 */;
/*!40101 SET @OLD_SQL_MODE=@@SQL_MODE, SQL_MODE='NO_AUTO_VALUE_ON_ZERO' */;
/*!40111 SET @OLD_SQL_NOTES=@@SQL_NOTES, SQL_NOTES=0 */;

--
-- Table structure for table `auth_group`
--

DROP TABLE IF EXISTS `auth_group`;
/*!40101 SET @saved_cs_client     = @@character_set_client */;
/*!50503 SET character_set_client = utf8mb4 */;
CREATE TABLE `auth_group` (
  `id` int NOT NULL AUTO_INCREMENT,
  `name` varchar(150) NOT NULL,
  PRIMARY KEY (`id`),
  UNIQUE KEY `name` (`name`)
) ENGINE=MyISAM DEFAULT CHARSET=utf8mb4 COLLATE=utf8mb4_0900_ai_ci;
/*!40101 SET character_set_client = @saved_cs_client */;

--
-- Dumping data for table `auth_group`
--

LOCK TABLES `auth_group` WRITE;
/*!40000 ALTER TABLE `auth_group` DISABLE KEYS */;
/*!40000 ALTER TABLE `auth_group` ENABLE KEYS */;
UNLOCK TABLES;

--
-- Table structure for table `auth_group_permissions`
--

DROP TABLE IF EXISTS `auth_group_permissions`;
/*!40101 SET @saved_cs_client     = @@character_set_client */;
/*!50503 SET character_set_client = utf8mb4 */;
CREATE TABLE `auth_group_permissions` (
  `id` bigint NOT NULL AUTO_INCREMENT,
  `group_id` int NOT NULL,
  `permission_id` int NOT NULL,
  PRIMARY KEY (`id`),
  UNIQUE KEY `auth_group_permissions_group_id_permission_id_0cd325b0_uniq` (`group_id`,`permission_id`),
  KEY `auth_group_permissions_group_id_b120cbf9` (`group_id`),
  KEY `auth_group_permissions_permission_id_84c5c92e` (`permission_id`)
) ENGINE=MyISAM DEFAULT CHARSET=utf8mb4 COLLATE=utf8mb4_0900_ai_ci;
/*!40101 SET character_set_client = @saved_cs_client */;

--
-- Dumping data for table `auth_group_permissions`
--

LOCK TABLES `auth_group_permissions` WRITE;
/*!40000 ALTER TABLE `auth_group_permissions` DISABLE KEYS */;
/*!40000 ALTER TABLE `auth_group_permissions` ENABLE KEYS */;
UNLOCK TABLES;

--
-- Table structure for table `auth_permission`
--

DROP TABLE IF EXISTS `auth_permission`;
/*!40101 SET @saved_cs_client     = @@character_set_client */;
/*!50503 SET character_set_client = utf8mb4 */;
CREATE TABLE `auth_permission` (
  `id` int NOT NULL AUTO_INCREMENT,
  `name` varchar(255) NOT NULL,
  `content_type_id` int NOT NULL,
  `codename` varchar(100) NOT NULL,
  PRIMARY KEY (`id`),
  UNIQUE KEY `auth_permission_content_type_id_codename_01ab375a_uniq` (`content_type_id`,`codename`),
  KEY `auth_permission_content_type_id_2f476e4b` (`content_type_id`)
) ENGINE=MyISAM AUTO_INCREMENT=45 DEFAULT CHARSET=utf8mb4 COLLATE=utf8mb4_0900_ai_ci;
/*!40101 SET character_set_client = @saved_cs_client */;

--
-- Dumping data for table `auth_permission`
--

LOCK TABLES `auth_permission` WRITE;
/*!40000 ALTER TABLE `auth_permission` DISABLE KEYS */;
INSERT INTO `auth_permission` VALUES (1,'Can add log entry',1,'add_logentry'),(2,'Can change log entry',1,'change_logentry'),(3,'Can delete log entry',1,'delete_logentry'),(4,'Can view log entry',1,'view_logentry'),(5,'Can add permission',2,'add_permission'),(6,'Can change permission',2,'change_permission'),(7,'Can delete permission',2,'delete_permission'),(8,'Can view permission',2,'view_permission'),(9,'Can add group',3,'add_group'),(10,'Can change group',3,'change_group'),(11,'Can delete group',3,'delete_group'),(12,'Can view group',3,'view_group'),(13,'Can add content type',4,'add_contenttype'),(14,'Can change content type',4,'change_contenttype'),(15,'Can delete content type',4,'delete_contenttype'),(16,'Can view content type',4,'view_contenttype'),(17,'Can add session',5,'add_session'),(18,'Can change session',5,'change_session'),(19,'Can delete session',5,'delete_session'),(20,'Can view session',5,'view_session'),(21,'Can add customers',6,'add_customers'),(22,'Can change customers',6,'change_customers'),(23,'Can delete customers',6,'delete_customers'),(24,'Can view customers',6,'view_customers'),(25,'Can add payments',7,'add_payments'),(26,'Can change payments',7,'change_payments'),(27,'Can delete payments',7,'delete_payments'),(28,'Can view payments',7,'view_payments'),(29,'Can add wallet_transactions',8,'add_wallet_transactions'),(30,'Can change wallet_transactions',8,'change_wallet_transactions'),(31,'Can delete wallet_transactions',8,'delete_wallet_transactions'),(32,'Can view wallet_transactions',8,'view_wallet_transactions'),(33,'Can add payouts',9,'add_payouts'),(34,'Can change payouts',9,'change_payouts'),(35,'Can delete payouts',9,'delete_payouts'),(36,'Can view payouts',9,'view_payouts'),(37,'Can add apply for fund',10,'add_applyforfund'),(38,'Can change apply for fund',10,'change_applyforfund'),(39,'Can delete apply for fund',10,'delete_applyforfund'),(40,'Can view apply for fund',10,'view_applyforfund'),(41,'Can add investment for fund',11,'add_investmentforfund'),(42,'Can change investment for fund',11,'change_investmentforfund'),(43,'Can delete investment for fund',11,'delete_investmentforfund'),(44,'Can view investment for fund',11,'view_investmentforfund');
/*!40000 ALTER TABLE `auth_permission` ENABLE KEYS */;
UNLOCK TABLES;

--
-- Table structure for table `customers`
--

DROP TABLE IF EXISTS `customers`;
/*!40101 SET @saved_cs_client     = @@character_set_client */;
/*!50503 SET character_set_client = utf8mb4 */;
CREATE TABLE `customers` (
  `id` bigint NOT NULL AUTO_INCREMENT,
  `password` varchar(128) CHARACTER SET utf8mb4 COLLATE utf8mb4_0900_ai_ci NOT NULL,
  `last_login` datetime(6) DEFAULT NULL,
  `is_superuser` tinyint(1) NOT NULL,
  `first_name` varchar(150) CHARACTER SET utf8mb4 COLLATE utf8mb4_0900_ai_ci NOT NULL,
  `last_name` varchar(150) CHARACTER SET utf8mb4 COLLATE utf8mb4_0900_ai_ci NOT NULL,
  `email` varchar(254) CHARACTER SET utf8mb4 COLLATE utf8mb4_0900_ai_ci NOT NULL,
  `is_staff` tinyint(1) NOT NULL,
  `is_active` tinyint(1) NOT NULL,
  `date_joined` datetime(6) NOT NULL,
  `username` varchar(155) CHARACTER SET utf8mb4 COLLATE utf8mb4_0900_ai_ci DEFAULT NULL,
  `cus_code` varchar(15) CHARACTER SET utf8mb4 COLLATE utf8mb4_0900_ai_ci NOT NULL,
  `package_id` int NOT NULL DEFAULT '1',
  `package_amount` decimal(10,2) NOT NULL,
  `purchase_package` datetime(6) DEFAULT NULL,
  `sponsor_id` int DEFAULT NULL,
  `sponsor_code` varchar(15) CHARACTER SET utf8mb4 COLLATE utf8mb4_0900_ai_ci NOT NULL,
  `level` int DEFAULT NULL,
  `m_tree` longtext CHARACTER SET utf8mb4 COLLATE utf8mb4_0900_ai_ci NOT NULL,
  `cus_name` varchar(100) CHARACTER SET utf8mb4 COLLATE utf8mb4_0900_ai_ci NOT NULL,
  `cus_wallet` decimal(10,5) NOT NULL,
  `cus_mobile` varchar(18) CHARACTER SET utf8mb4 COLLATE utf8mb4_0900_ai_ci NOT NULL,
  `cus_email` varchar(100) CHARACTER SET utf8mb4 COLLATE utf8mb4_0900_ai_ci NOT NULL,
  `cus_bank_name` varchar(100) CHARACTER SET utf8mb4 COLLATE utf8mb4_0900_ai_ci DEFAULT NULL,
  `cus_account_no` varchar(25) CHARACTER SET utf8mb4 COLLATE utf8mb4_0900_ai_ci DEFAULT NULL,
  `cus_ifsc` varchar(11) CHARACTER SET utf8mb4 COLLATE utf8mb4_0900_ai_ci DEFAULT NULL,
  `cus_image` varchar(255) CHARACTER SET utf8mb4 COLLATE utf8mb4_0900_ai_ci DEFAULT NULL,
  `cus_address` varchar(255) CHARACTER SET utf8mb4 COLLATE utf8mb4_0900_ai_ci DEFAULT NULL,
  `cus_country` varchar(10) CHARACTER SET utf8mb4 COLLATE utf8mb4_0900_ai_ci DEFAULT NULL,
  `cus_mobile_code` varchar(10) CHARACTER SET utf8mb4 COLLATE utf8mb4_0900_ai_ci DEFAULT NULL,
  `cus_status` int NOT NULL DEFAULT '1',
  `created_at` datetime(6) NOT NULL,
  `updated_at` datetime(6) DEFAULT NULL,
  `deleted_at` datetime(6) DEFAULT NULL,
  `is_user` int NOT NULL,
  PRIMARY KEY (`id`),
  UNIQUE KEY `cus_email` (`cus_email`)
) ENGINE=MyISAM AUTO_INCREMENT=42 DEFAULT CHARSET=utf8mb4 COLLATE=utf8mb4_0900_ai_ci;
/*!40101 SET character_set_client = @saved_cs_client */;

--
-- Dumping data for table `customers`
--

LOCK TABLES `customers` WRITE;
/*!40000 ALTER TABLE `customers` DISABLE KEYS */;
INSERT INTO `customers` VALUES (1,'pbkdf2_sha256$720000$gsyKkJcVvAtMu6DmXg0msb$TBw3OhR8myrnHhdONuWHBQIYFCgoQmeRGsJaYizJqjY=','2024-07-22 08:55:06.322214',1,'','','',1,1,'2024-07-13 07:58:43.801508',NULL,'',1,0.00,NULL,NULL,'',NULL,'','',300.00000,'','root@gmail.com',NULL,NULL,NULL,NULL,NULL,NULL,NULL,1,'2024-07-13 07:58:43.801508',NULL,NULL,0),(2,'pbkdf2_sha256$720000$fEjRqOyxXdtz06oOd5EMRA$9KwoAjAEd1ELmXSNf6jaYS90tUFUhaMG8t/lCmFfwvw=','2024-08-03 12:51:17.073439',1,'','','',1,1,'2024-07-22 13:31:23.000000','neurovart@gmail.com','NV84563810',2,100.00,'2024-07-22 13:48:51.000000',0,'ADMIN',1,'ADMIN,','NEUROVART',898.00000,'7964036479','neurovart@gmail.com','rere','33','sds','er','ewew','India','+91',1,'2024-07-22 13:31:23.000000','2024-07-22 13:31:23.000000','2024-07-22 13:31:23.000000',1),(3,'pbkdf2_sha256$720000$9RebbSL0QNLFeNZJZhGcMR$K0ysnX59oJ9Y/JpifTnZAP/LiySlHMqwHOjzodOoMbw=','2024-07-24 13:19:30.695444',0,'','','',0,1,'2024-07-22 13:54:53.612667','sarkarbishnupada001@gmail.com','NV32195850',2,100.00,'2024-07-22 13:55:21.203404',2,'NV84563810',2,'ADMIN,NV84563810,','BPS',2.00000,'8101875839','sarkarbishnupada001@gmail.com',NULL,NULL,NULL,NULL,NULL,'IN','+91',1,'2024-07-22 13:54:53.607388',NULL,NULL,0),(4,'pbkdf2_sha256$720000$ql68YTRvPs8jwHkeWAscdH$sG2eSVNIRS+sYK2l65rxm5KobSoN2E/g6GjbcGFt63o=','2024-08-03 17:13:42.077548',0,'','','',0,1,'2024-07-22 13:57:38.477654','subarnajoarder426@gmail.com','NV28835453',2,100.00,'2024-07-22 13:58:04.878894',3,'NV32195850',3,'ADMIN,NV84563810,NV32195850,','SJ',0.00000,'7865897654','subarnajoarder426@gmail.com',NULL,NULL,NULL,NULL,NULL,'IN','+91',1,'2024-07-22 13:57:38.471766',NULL,NULL,0),(5,'pbkdf2_sha256$720000$nIUymGOB9yH6HnK5orv8WI$d1AYpmAYbnEE1NpfMIvovt+Kt3CaQirfjOshp2Gcm6M=','2024-07-28 14:08:12.793425',0,'','','',0,1,'2024-07-22 14:00:28.584121','ldofirojali@gmail.com','NV28526378',2,100.00,'2024-07-22 14:00:51.933256',3,'NV32195850',3,'ADMIN,NV84563810,NV32195850,','FIROJ ALI SHAIKH',0.00000,'9732374175','ldofirojali@gmail.com',NULL,NULL,NULL,NULL,NULL,'IN','+91',1,'2024-07-22 14:00:28.578366',NULL,NULL,0),(6,'pbkdf2_sha256$720000$gq86kGbVQXlolSkF8Ya9Mw$+Qoi3oQvAWYLUvkp/+3sdyxnJe5mAkSmbQfpnzbRQfk=','2024-07-26 11:15:37.409726',0,'','','',0,1,'2024-07-22 14:03:51.033159','gopalbiswasasha@gmail.com','NV37699998',2,100.00,'2024-07-22 14:04:13.721272',4,'NV28835453',4,'ADMIN,NV84563810,NV32195850,NV28835453,','Gopal biswas',0.00000,'9002952454','gopalbiswasasha@gmail.com',NULL,NULL,NULL,NULL,NULL,'IN','+91',1,'2024-07-22 14:03:51.029756',NULL,NULL,0),(7,'pbkdf2_sha256$720000$Dg1bfZLR4jd2NCLkxZchBL$gCF3myRpAEw0kRiKukd/DWW6vHy2uJkLm7ERT/QkKec=','2024-08-03 17:13:21.976921',0,'','','',0,1,'2024-07-22 14:05:48.324179','drrafikul1977@gmail.com','NV28849376',2,100.00,'2024-07-22 14:06:12.562289',2,'NV84563810',2,'ADMIN,NV84563810,','Md Rafikul Islam',0.00000,'7439028351','drrafikul1977@gmail.com',NULL,NULL,NULL,NULL,NULL,'IN','+91',1,'2024-07-22 14:05:48.319872',NULL,NULL,0),(8,'pbkdf2_sha256$720000$kRjZXJWWgPPjuDTWiyxVUn$ec7H/IazKUZ2no5jXEudE02rWACbe/oSa1oZFxKVosY=',NULL,0,'','','',0,1,'2024-07-22 14:46:51.072951','pankaj.debnath768@gmail.com','NV73107677',1,0.00,NULL,3,'NV32195850',3,'ADMIN,NV84563810,NV32195850,','Pankaj Drbnath',0.00000,'7098240906','pankaj.debnath768@gmail.com',NULL,NULL,NULL,NULL,NULL,'IN','+91',1,'2024-07-22 14:46:51.064442',NULL,NULL,0),(9,'pbkdf2_sha256$720000$vPP8rz9GxjWiHk5alXVxeC$p6RRV1EKioJ9CO6jKuEvKFRe8AMHtNdxmMoJu8N8pZ4=',NULL,0,'','','',0,1,'2024-07-22 14:48:29.414624','himaniroy2804@gmail.com','NV67621259',1,0.00,NULL,3,'NV32195850',3,'ADMIN,NV84563810,NV32195850,','Gautam Roy',0.00000,'6297212443','himaniroy2804@gmail.com',NULL,NULL,NULL,NULL,NULL,'IN','+91',1,'2024-07-22 14:48:29.406035',NULL,NULL,0),(10,'pbkdf2_sha256$720000$AtTXkgeQEHrC0LGRGyCuNA$9lSAVL/jQf91MZ3RD9AiU0BQ7I2sO8ppsBiatAR7UwA=',NULL,0,'','','',0,1,'2024-07-22 14:50:05.992435','sunilkumar311076@gmail.com','NV02060355',1,0.00,NULL,3,'NV32195850',3,'ADMIN,NV84563810,NV32195850,','SUNIL KUMAR',0.00000,'9304959039','sunilkumar311076@gmail.com',NULL,NULL,NULL,NULL,NULL,'IN','+91',1,'2024-07-22 14:50:05.985972',NULL,NULL,0),(11,'pbkdf2_sha256$720000$pqUCZzsYb4e136CO3G3DU3$Lq3fR+GXaUxjBOEk9gQ0vEkjtbc/I6SmlDDVL1FxJM4=',NULL,0,'','','',0,1,'2024-07-22 14:51:07.333460','mintudutta77777@gmail.com','NV58780942',1,0.00,NULL,3,'NV32195850',3,'ADMIN,NV84563810,NV32195850,','Mintu Dutta',0.00000,'8391067603','mintudutta77777@gmail.com',NULL,NULL,NULL,NULL,NULL,'IN','+91',1,'2024-07-22 14:51:07.328578',NULL,NULL,0),(12,'pbkdf2_sha256$720000$S6jbTSOwhOnzuVp3ssM0Zk$kWOIacl1VAl9Uu07JBO13V+g5fB2W96l5Nig4fa/6Ak=',NULL,0,'','','',0,1,'2024-07-22 14:51:59.406422','mondalk2p@gmail.com','NV77681506',1,0.00,NULL,3,'NV32195850',3,'ADMIN,NV84563810,NV32195850,','Pintu mondal',0.00000,'6295493316','mondalk2p@gmail.com',NULL,NULL,NULL,NULL,NULL,'IN','+91',1,'2024-07-22 14:51:59.402585',NULL,NULL,0),(13,'pbkdf2_sha256$720000$w2Cy3p6ugCWmJ656dL0pov$iRXMe55eMbCuIBMjyTDt+zOCKMgS+kECemFSazyOBWA=','2024-07-23 06:12:16.901133',0,'','','',0,1,'2024-07-22 14:52:54.317773','subrataghosh1813@gmail.com','NV50735726',1,0.00,NULL,3,'NV32195850',3,'ADMIN,NV84563810,NV32195850,','Subrata Ghosh',12.00000,'8972654607','subrataghosh1813@gmail.com',NULL,NULL,NULL,NULL,NULL,'IN','+91',1,'2024-07-22 14:52:54.313290',NULL,NULL,0),(14,'pbkdf2_sha256$720000$e4d9msO70yXJc5L50JUf34$hoH3wJLpusnGIPetA5axJK2nIS1/jARLtRGffygKaOE=','2024-07-23 07:16:09.630769',0,'','','',0,1,'2024-07-23 07:15:56.438829','ebipone@gmail.com','NV08259110',1,0.00,NULL,13,'NV50735726',4,'ADMIN,NV84563810,NV32195850,NV50735726,','eBipone',0.00000,'7864036479','ebipone@gmail.com',NULL,NULL,NULL,NULL,NULL,'IN','+91',1,'2024-07-23 07:15:56.432901',NULL,NULL,0),(15,'pbkdf2_sha256$720000$up2mxCtcKod9GFh3oi4RsS$Vq5Oc9BPpdjV0B5HYC6aQQgeKrfYBiaHbiMReQYD1T0=',NULL,0,'','','',0,1,'2024-07-24 13:25:51.000007','me.pritybiswas2003@gmail.com','NV18476775',1,0.00,NULL,13,'NV50735726',4,'ADMIN,NV84563810,NV32195850,NV50735726,','S Biswas',0.00000,'7477572643','me.pritybiswas2003@gmail.com',NULL,NULL,NULL,NULL,NULL,'IN','+91',1,'2024-07-24 13:25:50.993067',NULL,NULL,0),(16,'pbkdf2_sha256$720000$CAvGtPcF7CvN4QSqe7mafO$18u4SW1qwUhMiLf+6SX8dhGuhYppKGXnYUsA9c5WOIo=','2024-08-04 07:36:08.494398',1,'','FrozenWalaaa','jkjbb@gmail.com',1,1,'2024-07-24 14:25:31.000000','erere','NV63563',1,0.00,NULL,NULL,'NV50735726',NULL,'rer','eferfe',1426.00000,'08268888826','super@gmail.com','rere','errerrer','sds','erer','rtrt','India','4343545',1,'2024-07-24 14:25:31.000000','2024-07-22 14:25:31.000000','2024-07-22 14:25:31.000000',0),(17,'pbkdf2_sha256$720000$JG5wSixr6nzWcAvjTQYYQL$NW4LLVmCj6dV2nmkdgdePz+7Or3Xy2fUoKPwo0ecOxQ=','2024-07-24 17:56:51.405415',0,'','','',0,1,'2024-07-24 17:56:30.784292','alo11551155@gmail.com','NV72919924',1,0.00,NULL,13,'NV50735726',4,'ADMIN,NV84563810,NV32195850,NV50735726,','Akash',0.00000,'1893932719','alo11551155@gmail.com',NULL,NULL,NULL,NULL,NULL,'BD','+880',1,'2024-07-24 17:56:30.779343',NULL,NULL,1),(18,'pbkdf2_sha256$720000$vNNRfYdW0lYnF7laKhSOQu$gqVMokTnr+HnUHAI4Rp/U0fAMksa+Jga3w7OSf2I+G0=','2024-07-25 17:58:03.240502',0,'','','',0,1,'2024-07-25 17:57:45.392664','mdkhasane@gmail.com','NV39773742',1,0.00,NULL,13,'NV50735726',4,'ADMIN,NV84563810,NV32195850,NV50735726,','MD KAMRUL HASAN',0.00000,'1707157256','mdkhasane@gmail.com',NULL,NULL,NULL,NULL,NULL,'BD','+880',1,'2024-07-25 17:57:45.260751',NULL,NULL,1),(19,'pbkdf2_sha256$720000$vVlFvVB2V2mBBncdXQgtqz$nPMVxzhJfV9bzo//xUFj50UrTQC8w23FBKtiIN1/1xE=','2024-07-26 16:09:25.714131',0,'','','',0,1,'2024-07-26 16:09:04.927018','mdjavead93@gmail.com','NV46034273',1,0.00,NULL,2,'NV84563810',2,'ADMIN,NV84563810,','MD JABED HOSSEN',0.00000,'567639592','mdjavead93@gmail.com',NULL,NULL,NULL,NULL,NULL,'SA','+966',1,'2024-07-26 16:09:04.913288',NULL,NULL,1),(20,'pbkdf2_sha256$720000$k8FA2ZPjbDpowDMhQjh870$XkYEuxLcCbLfLl71hRDdymEYz6GD+C+x8+Y2GUIl8HA=','2024-07-26 17:00:11.160649',0,'','','',0,1,'2024-07-26 17:00:03.625697','hasanparvese22@gmail.com','NV13377665',1,0.00,NULL,2,'NV84563810',2,'ADMIN,NV84563810,','Md Abul',0.00000,'1966857043','hasanparvese22@gmail.com',NULL,NULL,NULL,NULL,NULL,'BD','+880',1,'2024-07-26 17:00:03.572660',NULL,NULL,1),(21,'pbkdf2_sha256$720000$uEIxkouCXRJD0pporL9o6v$BWXo4RURWKKcpnu39YYpJ8yrQO1Qr1eUISL1srHs6oI=','2024-08-03 16:56:54.471166',0,'','','',0,1,'2024-07-28 20:36:53.581141','shiplud2k@gmail.com','NV66362244',2,100.00,'2024-08-03 17:06:10.215399',13,'NV50735726',4,'ADMIN,NV84563810,NV32195850,NV50735726,','Md Shiplu Sarkar (Safi)',0.00000,'1918112612','shiplud2k@gmail.com',NULL,NULL,NULL,NULL,NULL,'BD','+880',1,'2024-07-28 20:36:53.575688',NULL,NULL,1),(22,'pbkdf2_sha256$720000$NLkOAKPc1Y03TmGZCky1Qy$umOhRTaaYlPOy4urucKl560rnt733T4SnU63UkDQoQU=','2024-07-29 07:42:34.311321',0,'','','',0,1,'2024-07-29 07:42:20.018598','monjilporodhanm@gmail.com','NV31869774',1,0.00,NULL,2,'NV84563810',2,'ADMIN,NV84563810,','Monjil',0.00000,'1775791011','monjilporodhanm@gmail.com',NULL,NULL,NULL,NULL,NULL,'BD','+880',1,'2024-07-29 07:42:20.012367',NULL,NULL,1),(23,'pbkdf2_sha256$720000$eERXzmLxiK74tLdiN6D3t1$JGRqu++f+4vqLVnQZGWajouLn5BLRwrPfNg+i/RMiBo=','2024-07-29 13:00:10.246097',0,'','','',0,1,'2024-07-29 12:59:54.768452','najmul10986@gmail.com','NV88342675',1,0.00,NULL,2,'NV84563810',2,'ADMIN,NV84563810,','Md Anowar Hossain',0.00000,'1751421706','najmul10986@gmail.com',NULL,NULL,NULL,NULL,NULL,'BD','+880',1,'2024-07-29 12:59:54.764793',NULL,NULL,1),(24,'pbkdf2_sha256$720000$RVBBDywXyexyDrcF9HFxB5$ik7sq7p2Tvh4J4cR+8cwuMCep/lQ9sEUube2K0bdX0k=','2024-08-03 17:22:01.161104',0,'','','',0,1,'2024-07-29 13:13:21.407291','mdsi2077@gmail.com','NV81334343',2,100.00,'2024-08-03 17:31:56.886411',2,'NV84563810',2,'ADMIN,NV84563810,','Md millat',0.00000,'1309609022','mdsi2077@gmail.com',NULL,NULL,NULL,NULL,NULL,'BD','+880',1,'2024-07-29 13:13:21.404055',NULL,NULL,1),(25,'pbkdf2_sha256$720000$mDhxnxvEFOLepGIS0wffh0$+m3O7ns/SclJ/nqOq58oVILTDxFQVFqGftwRbyiOcwc=','2024-07-30 05:43:20.449079',0,'','','',0,1,'2024-07-30 05:43:11.387828','rajon2902k@gmail.com','NV13211286',1,0.00,NULL,2,'NV84563810',2,'ADMIN,NV84563810,','Rajon Hossen',0.00000,'1799848778','rajon2902k@gmail.com',NULL,NULL,NULL,NULL,NULL,'BD','+880',1,'2024-07-30 05:43:11.359951',NULL,NULL,1),(26,'pbkdf2_sha256$720000$dPNxP7VhKmHWtoph5fS1HQ$HoV3Wh8PTP9ymYQet5WKKXuVY+kmVQKDs5GW/tnzfvk=','2024-07-31 20:33:18.926689',0,'','','',0,1,'2024-07-31 20:33:10.567774','pk470746@gmail.com','NV60477170',1,0.00,NULL,2,'NV84563810',2,'ADMIN,NV84563810,','Prince Khan',0.00000,'1712870899','pk470746@gmail.com',NULL,NULL,NULL,NULL,NULL,'BD','+880',1,'2024-07-31 20:33:10.562944',NULL,NULL,1),(27,'pbkdf2_sha256$720000$7kzhnot7tEpIaS0IwKcngL$1MVgGzgau0opMOfrNDAHkYEaXxeVbGE5B9oXEbicIUo=',NULL,0,'','','',0,1,'2024-08-01 07:05:47.577290','md.ruhul428723@gmail.com','NV48740775',1,0.00,NULL,2,'NV84563810',2,'ADMIN,NV84563810,','Turjo',0.00000,'1771596844','md.ruhul428723@gmail.com',NULL,NULL,NULL,NULL,NULL,'IN','+91',1,'2024-08-01 07:05:47.487682',NULL,NULL,1),(28,'pbkdf2_sha256$720000$DfM5G6lJOpkwVW5I3nUSbm$nrtkneoXi3YichuPNCOkk8QbpzAMmaISIdcf/h2ldgc=','2024-08-03 17:39:01.637799',0,'','','',0,1,'2024-08-01 07:54:20.174941','mdanisurrahman2320@gmail.com','NV30286780',2,100.00,'2024-08-03 17:44:37.755587',2,'NV84563810',2,'ADMIN,NV84563810,','Md Anisurrahman',0.00000,'1718882320','mdanisurrahman2320@gmail.com',NULL,NULL,NULL,NULL,NULL,'BD','+880',1,'2024-08-01 07:54:20.168818',NULL,NULL,1),(29,'pbkdf2_sha256$720000$CB9HOXiOehEsGwXNx3xNfY$XicJbbq/yfJe1pMzl9A4hPbO+6nk0Z2BY0h1YpkdJhw=','2024-08-02 12:16:13.700374',0,'','','',0,1,'2024-08-02 12:15:19.701672','hefajmath007@gmail.com','NV25058591',1,0.00,NULL,2,'NV84563810',2,'ADMIN,NV84563810,','Md.Hefaj Uddin',0.00000,'1913540549','hefajmath007@gmail.com',NULL,NULL,NULL,NULL,NULL,'BD','+880',1,'2024-08-02 12:15:19.520251',NULL,NULL,1),(30,'pbkdf2_sha256$720000$daj4tWCdcSIKlT9xYN3neU$aMwDynMiCP5AJ0OCYIE/o9EwBIYXchz+B1irs9gHqZ4=','2024-08-03 08:13:54.766052',0,'','','',0,1,'2024-08-03 08:13:23.800421','alam937826@gmail.com','NV69794480',1,0.00,NULL,2,'NV84563810',2,'ADMIN,NV84563810,','Shamsul Alam',0.00000,'1917259074','alam937826@gmail.com',NULL,NULL,NULL,NULL,NULL,'BD','+880',1,'2024-08-03 08:13:23.655946',NULL,NULL,1),(31,'pbkdf2_sha256$720000$JzMQEav14XsXvxjKaTFIBR$eQeEvraJQmcZikeEhzKH/G2eXGbcHbgrndbzP8o3Pi0=','2024-08-03 16:51:41.240556',0,'','','',0,1,'2024-08-03 15:38:49.161108','mkhasan157256@gmail.com','NV50604075',2,100.00,'2024-08-03 16:52:48.757234',2,'NV84563810',2,'ADMIN,NV84563810,','mkhasan157256@gmail.com',0.00000,'1707157256','mkhasan157256@gmail.com',NULL,NULL,NULL,NULL,NULL,'BD','+880',1,'2024-08-03 15:38:49.155068',NULL,NULL,1),(32,'pbkdf2_sha256$720000$mgHe0B3WXm1N6uUflRhC1o$XT6lHFAzL7m7KpyGe83XftUEIhy4F4r0/o01FuN28u8=','2024-08-03 16:56:50.375703',0,'','','',0,1,'2024-08-03 16:14:56.437596','mdesmile526@gmail.com','NV95848057',2,100.00,'2024-08-03 16:59:04.285312',2,'NV84563810',2,'ADMIN,NV84563810,','MD ESMILE HOSSAIN',0.00000,'1878690605','mdesmile526@gmail.com',NULL,NULL,NULL,NULL,NULL,'BD','+880',1,'2024-08-03 16:14:56.426793',NULL,NULL,1),(33,'pbkdf2_sha256$720000$IZEfkA5EH9p74hmumZANT1$0A3+zyQukA+8cYscQlNvRZFhPzxmLnxfbiOby3GmaqI=','2024-08-03 17:33:27.047465',0,'','','',0,1,'2024-08-03 16:21:38.166476','ridwanshishir61@gmail.com','NV05441272',2,100.00,'2024-08-03 18:20:54.454819',2,'NV84563810',2,'ADMIN,NV84563810,','Ridwan Shishir',0.00000,'1830335099','ridwanshishir61@gmail.com',NULL,NULL,NULL,NULL,NULL,'BD','+880',1,'2024-08-03 16:21:38.158996',NULL,NULL,1),(34,'pbkdf2_sha256$720000$cckPvJqJDdE5bQoNJznVYr$gPPi18u9+IZfpzQ/G5Ygv9bWPB7006xkVxLHpFiikh0=','2024-08-03 17:53:27.395603',0,'','','',0,1,'2024-08-03 16:32:43.260691','mdhafizurrahoman1996@gmail.com','NV85379604',2,100.00,'2024-08-03 17:58:59.179591',2,'NV84563810',2,'ADMIN,NV84563810,','Md Hafizur Rahoman',0.00000,'1715427196','mdhafizurrahoman1996@gmail.com',NULL,NULL,NULL,NULL,NULL,'BD','+880',1,'2024-08-03 16:32:43.254723',NULL,NULL,1),(35,'pbkdf2_sha256$720000$OPx4tz86WtQRbQiqkdWaEJ$cNOxWnagYkLa8zyGuuZUDx3G8Xi9zyWhIT8LaymnbiQ=','2024-08-03 17:56:33.593112',0,'','','',0,1,'2024-08-03 17:55:53.653331','julhasmiya1998@gmail.com','NV93958682',1,0.00,NULL,28,'NV30286780',3,'ADMIN,NV84563810,NV30286780,','JULHAS MIYA',0.00000,'1602099166','julhasmiya1998@gmail.com',NULL,NULL,NULL,NULL,NULL,'BD','+880',1,'2024-08-03 17:55:53.647019',NULL,NULL,1),(36,'pbkdf2_sha256$720000$HYArrmqKjiiGMcsaLLYgQV$Ls2ZeRV26NaXyfAel0DkOXDddflD/dThieYKpLCBCNM=','2024-08-03 18:10:09.878688',0,'','','',0,1,'2024-08-03 18:09:21.846382','rakibhasanjsr05@gmail.com','NV00223168',1,0.00,NULL,2,'NV84563810',2,'ADMIN,NV84563810,','MD RAKIB HASAN',0.00000,'1721005775','rakibhasanjsr05@gmail.com',NULL,NULL,NULL,NULL,NULL,'BD','+880',1,'2024-08-03 18:09:21.842234',NULL,NULL,1),(37,'pbkdf2_sha256$720000$PDEaFJ0wdpA0IlnLQ0jNfQ$lW742eZb2PYTuDNHTWWmDeqmZtir/M8mHdwEZLaDC0A=','2024-08-04 08:35:30.286668',0,'','','',0,1,'2024-08-03 19:48:26.334738','nazrulspc1996@gmail.com','NV15232108',2,100.00,'2024-08-03 20:13:35.376403',2,'NV84563810',2,'ADMIN,NV84563810,','Nazrul Islam',0.00000,'561403350','nazrulspc1996@gmail.com',NULL,NULL,NULL,NULL,NULL,'AE','+971',1,'2024-08-03 19:48:26.330825',NULL,NULL,1),(38,'pbkdf2_sha256$720000$PgxI8rAAPoTo4WeylVMYR2$PvVpmkRI4G5J9LJgEoZAqLliAKHb+SOgOPo78ZZduJU=','2024-08-04 02:02:27.117524',0,'','','',0,1,'2024-08-04 02:00:46.789671','mondollima445@gmail.com','NV10599789',1,0.00,NULL,2,'NV84563810',2,'ADMIN,NV84563810,','Boss',0.00000,'1647215112','mondollima445@gmail.com',NULL,NULL,NULL,NULL,NULL,'BD','+880',1,'2024-08-04 02:00:46.619671',NULL,NULL,1),(39,'pbkdf2_sha256$720000$GYyAnwbcj7qRtEQOXwyCZu$t47HZderfLnR0EPltz6Ae1zMDNRNfGetqKq2nBDed48=','2024-08-04 04:04:31.628067',0,'','','',0,1,'2024-08-04 04:04:23.428549','mf862854@gmail.com','NV72073618',1,0.00,NULL,28,'NV30286780',3,'ADMIN,NV84563810,NV30286780,','Md rony',0.00000,'1613631583','mf862854@gmail.com',NULL,NULL,NULL,NULL,NULL,'BD','+880',1,'2024-08-04 04:04:23.423150',NULL,NULL,1),(40,'pbkdf2_sha256$720000$Ss8ZkmAc7Xz1Vqp3SqgCIc$z/Htn2c6jnwCtcdKkr1xZgC21wwPZ72sctSztqpuT48=','2024-08-04 04:21:09.706946',0,'','','',0,1,'2024-08-04 04:20:51.963743','mdalone40@gmail.com','NV85114753',1,0.00,NULL,28,'NV30286780',3,'ADMIN,NV84563810,NV30286780,','MD Rasel',0.00000,'1326496765','mdalone40@gmail.com',NULL,NULL,NULL,NULL,NULL,'BD','+880',1,'2024-08-04 04:20:51.956479',NULL,NULL,1),(41,'pbkdf2_sha256$720000$iggtPEZ246yAO9GNsZsKUH$biHIB9v+VVRsQRfixgMWfq5RknqnRup2O2VsCWRd5to=','2024-08-04 05:01:22.861460',0,'','','',0,1,'2024-08-04 05:01:09.118643','mdbabuislam957@gmail.com','NV73736242',1,0.00,NULL,2,'NV84563810',2,'ADMIN,NV84563810,','mdbabu islam',0.00000,'1867150232','mdbabuislam957@gmail.com',NULL,NULL,NULL,NULL,NULL,'BD','+880',1,'2024-08-04 05:01:09.109397',NULL,NULL,1);
/*!40000 ALTER TABLE `customers` ENABLE KEYS */;
UNLOCK TABLES;

--
-- Table structure for table `customers_groups`
--

DROP TABLE IF EXISTS `customers_groups`;
/*!40101 SET @saved_cs_client     = @@character_set_client */;
/*!50503 SET character_set_client = utf8mb4 */;
CREATE TABLE `customers_groups` (
  `id` bigint NOT NULL AUTO_INCREMENT,
  `customers_id` bigint NOT NULL,
  `group_id` int NOT NULL,
  PRIMARY KEY (`id`),
  UNIQUE KEY `customers_groups_customers_id_group_id_f980c860_uniq` (`customers_id`,`group_id`),
  KEY `customers_groups_customers_id_db20e04f` (`customers_id`),
  KEY `customers_groups_group_id_fdf713e0` (`group_id`)
) ENGINE=MyISAM DEFAULT CHARSET=utf8mb4 COLLATE=utf8mb4_0900_ai_ci;
/*!40101 SET character_set_client = @saved_cs_client */;

--
-- Dumping data for table `customers_groups`
--

LOCK TABLES `customers_groups` WRITE;
/*!40000 ALTER TABLE `customers_groups` DISABLE KEYS */;
/*!40000 ALTER TABLE `customers_groups` ENABLE KEYS */;
UNLOCK TABLES;

--
-- Table structure for table `customers_user_permissions`
--

DROP TABLE IF EXISTS `customers_user_permissions`;
/*!40101 SET @saved_cs_client     = @@character_set_client */;
/*!50503 SET character_set_client = utf8mb4 */;
CREATE TABLE `customers_user_permissions` (
  `id` bigint NOT NULL AUTO_INCREMENT,
  `customers_id` bigint NOT NULL,
  `permission_id` int NOT NULL,
  PRIMARY KEY (`id`),
  UNIQUE KEY `customers_user_permissio_customers_id_permission__d8f32c69_uniq` (`customers_id`,`permission_id`),
  KEY `customers_user_permissions_customers_id_8cbb0825` (`customers_id`),
  KEY `customers_user_permissions_permission_id_20d0445e` (`permission_id`)
) ENGINE=MyISAM DEFAULT CHARSET=utf8mb4 COLLATE=utf8mb4_0900_ai_ci;
/*!40101 SET character_set_client = @saved_cs_client */;

--
-- Dumping data for table `customers_user_permissions`
--

LOCK TABLES `customers_user_permissions` WRITE;
/*!40000 ALTER TABLE `customers_user_permissions` DISABLE KEYS */;
/*!40000 ALTER TABLE `customers_user_permissions` ENABLE KEYS */;
UNLOCK TABLES;

--
-- Table structure for table `django_admin_log`
--

DROP TABLE IF EXISTS `django_admin_log`;
/*!40101 SET @saved_cs_client     = @@character_set_client */;
/*!50503 SET character_set_client = utf8mb4 */;
CREATE TABLE `django_admin_log` (
  `id` int NOT NULL AUTO_INCREMENT,
  `action_time` datetime(6) NOT NULL,
  `object_id` longtext,
  `object_repr` varchar(200) NOT NULL,
  `action_flag` smallint unsigned NOT NULL,
  `change_message` longtext NOT NULL,
  `content_type_id` int DEFAULT NULL,
  `user_id` bigint NOT NULL,
  PRIMARY KEY (`id`),
  KEY `django_admin_log_content_type_id_c4bce8eb` (`content_type_id`),
  KEY `django_admin_log_user_id_c564eba6` (`user_id`)
) ENGINE=InnoDB AUTO_INCREMENT=438 DEFAULT CHARSET=utf8mb4 COLLATE=utf8mb4_0900_ai_ci;
/*!40101 SET character_set_client = @saved_cs_client */;

--
-- Dumping data for table `django_admin_log`
--

LOCK TABLES `django_admin_log` WRITE;
/*!40000 ALTER TABLE `django_admin_log` DISABLE KEYS */;
INSERT INTO `django_admin_log` VALUES (1,'2024-07-24 15:25:58.672288','2','neurovart@gmail.com',2,'[{\"changed\": {\"fields\": [\"Is user\", \"Cus bank name\", \"Cus account no\", \"Cus ifsc\", \"Cus image\", \"Cus address\", \"Cus country\", \"Updated at\", \"Deleted at\"]}}]',6,16),(2,'2024-07-26 17:29:47.137534','2','neurovart@gmail.com',2,'[{\"changed\": {\"fields\": [\"Staff status\"]}}]',6,16),(3,'2024-07-27 13:07:03.846668','2','neurovart@gmail.com',2,'[{\"changed\": {\"fields\": [\"Superuser status\"]}}]',6,16),(4,'2024-07-29 07:39:31.796604','5','Mdgsdht sf',3,'',10,2),(5,'2024-07-29 07:39:31.805239','4','Swewwre Awewaz',3,'',10,2),(6,'2024-07-29 07:39:31.810438','3','Swewwre Awewaz',3,'',10,2),(7,'2024-07-29 07:39:31.815378','2','Swewwre Awewaz',3,'',10,2),(8,'2024-07-29 07:39:31.820566','1','Swewwre Awewaz',3,'',10,2),(9,'2024-07-29 11:10:43.380423','4','InvestmentForFund object (4)',3,'',11,2),(10,'2024-07-29 11:10:43.386072','3','InvestmentForFund object (3)',3,'',11,2),(11,'2024-07-29 11:10:43.390637','2','InvestmentForFund object (2)',3,'',11,2),(12,'2024-07-29 11:10:43.395145','1','InvestmentForFund object (1)',3,'',11,2),(13,'2024-07-29 12:42:38.760491','17','InvestmentForFund object (17)',3,'',11,2),(14,'2024-07-29 12:42:38.764453','16','InvestmentForFund object (16)',3,'',11,2),(15,'2024-07-29 12:42:38.768757','15','InvestmentForFund object (15)',3,'',11,2),(16,'2024-07-29 12:42:38.771944','14','InvestmentForFund object (14)',3,'',11,2),(17,'2024-07-29 12:42:38.775472','13','InvestmentForFund object (13)',3,'',11,2),(18,'2024-07-29 12:42:38.779323','12','InvestmentForFund object (12)',3,'',11,2),(19,'2024-07-29 12:42:38.782630','11','InvestmentForFund object (11)',3,'',11,2),(20,'2024-07-29 12:42:38.785209','10','InvestmentForFund object (10)',3,'',11,2),(21,'2024-07-29 12:42:38.788325','9','InvestmentForFund object (9)',3,'',11,2),(22,'2024-07-29 12:42:38.792049','8','InvestmentForFund object (8)',3,'',11,2),(23,'2024-07-29 12:42:38.796447','7','InvestmentForFund object (7)',3,'',11,2),(24,'2024-07-29 12:42:38.799999','6','InvestmentForFund object (6)',3,'',11,2),(25,'2024-07-29 12:42:38.803608','5','InvestmentForFund object (5)',3,'',11,2),(26,'2024-07-29 13:05:31.843168','19','InvestmentForFund object (19)',3,'',11,2),(27,'2024-07-29 13:05:31.847700','18','InvestmentForFund object (18)',3,'',11,2),(28,'2024-07-29 13:06:21.535158','32','RETURN INVESTMENT',3,'',8,2),(29,'2024-07-29 13:06:21.540848','31','RETURN INVESTMENT',3,'',8,2),(30,'2024-07-29 13:07:51.949077','20','InvestmentForFund object (20)',3,'',11,2),(31,'2024-07-30 14:31:20.531208','35','InvestmentForFund object (35)',3,'',11,16),(32,'2024-07-30 14:31:20.539506','34','InvestmentForFund object (34)',3,'',11,16),(33,'2024-07-30 14:31:20.544326','33','InvestmentForFund object (33)',3,'',11,16),(34,'2024-07-30 14:31:20.548312','32','InvestmentForFund object (32)',3,'',11,16),(35,'2024-07-30 14:31:20.552893','31','InvestmentForFund object (31)',3,'',11,16),(36,'2024-07-30 14:31:20.564793','30','InvestmentForFund object (30)',3,'',11,16),(37,'2024-07-30 14:31:20.569287','29','InvestmentForFund object (29)',3,'',11,16),(38,'2024-07-30 14:31:20.573898','28','InvestmentForFund object (28)',3,'',11,16),(39,'2024-07-30 14:31:20.577599','27','InvestmentForFund object (27)',3,'',11,16),(40,'2024-07-30 14:31:20.581837','26','InvestmentForFund object (26)',3,'',11,16),(41,'2024-07-30 14:31:20.588646','25','InvestmentForFund object (25)',3,'',11,16),(42,'2024-07-30 14:31:20.594344','24','InvestmentForFund object (24)',3,'',11,16),(43,'2024-07-30 14:31:20.599679','23','InvestmentForFund object (23)',3,'',11,16),(44,'2024-07-30 14:31:20.603783','22','InvestmentForFund object (22)',3,'',11,16),(45,'2024-07-30 14:31:20.608170','21','InvestmentForFund object (21)',3,'',11,16),(46,'2024-07-30 14:31:52.370563','48','RETURN INVESTMENT',3,'',8,16),(47,'2024-07-30 14:31:52.377480','47','RETURN INVESTMENT',3,'',8,16),(48,'2024-07-30 14:31:52.381317','46','RETURN INVESTMENT',3,'',8,16),(49,'2024-07-30 14:31:52.386403','45','RETURN INVESTMENT',3,'',8,16),(50,'2024-07-30 14:31:52.391049','44','RETURN INVESTMENT',3,'',8,16),(51,'2024-07-30 14:31:52.395294','43','RETURN INVESTMENT',3,'',8,16),(52,'2024-07-30 14:31:52.399599','42','RETURN INVESTMENT',3,'',8,16),(53,'2024-07-30 14:31:52.406548','41','RETURN INVESTMENT',3,'',8,16),(54,'2024-07-30 14:31:52.410937','40','RETURN INVESTMENT',3,'',8,16),(55,'2024-07-30 14:31:52.416210','39','RETURN INVESTMENT',3,'',8,16),(56,'2024-07-30 14:31:52.420892','38','RETURN INVESTMENT',3,'',8,16),(57,'2024-07-30 14:31:52.424826','37','RETURN INVESTMENT',3,'',8,16),(58,'2024-07-30 14:31:52.428807','36','RETURN INVESTMENT',3,'',8,16),(59,'2024-07-30 14:31:52.432818','35','RETURN INVESTMENT',3,'',8,16),(60,'2024-07-30 14:31:52.436285','34','RETURN INVESTMENT',3,'',8,16),(61,'2024-07-30 14:31:52.439845','33','RETURN INVESTMENT',3,'',8,16),(62,'2024-07-30 14:32:09.530245','53','RETURN INVESTMENT',3,'',8,16),(63,'2024-07-30 14:32:09.539269','52','RETURN INVESTMENT',3,'',8,16),(64,'2024-07-30 14:32:09.545463','51','RETURN INVESTMENT',3,'',8,16),(65,'2024-07-30 14:32:09.551616','50','RETURN INVESTMENT',3,'',8,16),(66,'2024-07-30 14:32:09.557759','49','RETURN INVESTMENT',3,'',8,16),(67,'2024-07-30 14:34:40.022193','63','RETURN INVESTMENT',3,'',8,16),(68,'2024-07-30 14:34:40.033224','62','RETURN INVESTMENT',3,'',8,16),(69,'2024-07-30 14:34:40.037435','61','RETURN INVESTMENT',3,'',8,16),(70,'2024-07-30 14:34:40.041408','60','RETURN INVESTMENT',3,'',8,16),(71,'2024-07-30 14:34:40.044977','59','RETURN INVESTMENT',3,'',8,16),(72,'2024-07-30 14:34:40.048001','58','RETURN INVESTMENT',3,'',8,16),(73,'2024-07-30 14:34:40.051750','57','RETURN INVESTMENT',3,'',8,16),(74,'2024-07-30 14:34:40.055482','56','RETURN INVESTMENT',3,'',8,16),(75,'2024-07-30 14:34:40.058895','55','RETURN INVESTMENT',3,'',8,16),(76,'2024-07-30 14:34:40.063299','54','RETURN INVESTMENT',3,'',8,16),(77,'2024-07-30 14:35:02.123821','68','RETURN INVESTMENT',3,'',8,16),(78,'2024-07-30 14:35:02.142510','67','RETURN INVESTMENT',3,'',8,16),(79,'2024-07-30 14:35:02.157299','66','RETURN INVESTMENT',3,'',8,16),(80,'2024-07-30 14:35:02.163960','65','RETURN INVESTMENT',3,'',8,16),(81,'2024-07-30 14:35:02.171571','64','RETURN INVESTMENT',3,'',8,16),(82,'2024-07-30 14:35:59.746900','73','RETURN INVESTMENT',3,'',8,16),(83,'2024-07-30 14:35:59.752500','72','RETURN INVESTMENT',3,'',8,16),(84,'2024-07-30 14:35:59.756786','71','RETURN INVESTMENT',3,'',8,16),(85,'2024-07-30 14:35:59.760821','70','RETURN INVESTMENT',3,'',8,16),(86,'2024-07-30 14:35:59.765824','69','RETURN INVESTMENT',3,'',8,16),(87,'2024-07-30 14:36:52.083579','78','RETURN INVESTMENT',3,'',8,16),(88,'2024-07-30 14:36:52.092616','77','RETURN INVESTMENT',3,'',8,16),(89,'2024-07-30 14:36:52.100618','76','RETURN INVESTMENT',3,'',8,16),(90,'2024-07-30 14:36:52.107552','75','RETURN INVESTMENT',3,'',8,16),(91,'2024-07-30 14:36:52.112223','74','RETURN INVESTMENT',3,'',8,16),(92,'2024-07-30 14:38:26.408152','83','RETURN INVESTMENT',3,'',8,16),(93,'2024-07-30 14:38:26.415103','82','RETURN INVESTMENT',3,'',8,16),(94,'2024-07-30 14:38:26.420233','81','RETURN INVESTMENT',3,'',8,16),(95,'2024-07-30 14:38:26.424022','80','RETURN INVESTMENT',3,'',8,16),(96,'2024-07-30 14:38:26.427240','79','RETURN INVESTMENT',3,'',8,16),(97,'2024-07-30 14:38:41.207196','88','RETURN INVESTMENT',3,'',8,16),(98,'2024-07-30 14:38:41.211950','87','RETURN INVESTMENT',3,'',8,16),(99,'2024-07-30 14:38:41.217263','86','RETURN INVESTMENT',3,'',8,16),(100,'2024-07-30 14:38:41.223527','85','RETURN INVESTMENT',3,'',8,16),(101,'2024-07-30 14:38:41.229064','84','RETURN INVESTMENT',3,'',8,16),(102,'2024-07-30 14:39:47.437937','93','RETURN INVESTMENT',3,'',8,16),(103,'2024-07-30 14:39:47.443422','92','RETURN INVESTMENT',3,'',8,16),(104,'2024-07-30 14:39:47.448581','91','RETURN INVESTMENT',3,'',8,16),(105,'2024-07-30 14:39:47.453194','90','RETURN INVESTMENT',3,'',8,16),(106,'2024-07-30 14:39:47.457779','89','RETURN INVESTMENT',3,'',8,16),(107,'2024-07-30 14:41:21.203819','98','RETURN INVESTMENT',3,'',8,16),(108,'2024-07-30 14:41:21.209799','97','RETURN INVESTMENT',3,'',8,16),(109,'2024-07-30 14:41:21.214570','96','RETURN INVESTMENT',3,'',8,16),(110,'2024-07-30 14:41:21.218493','95','RETURN INVESTMENT',3,'',8,16),(111,'2024-07-30 14:41:21.222331','94','RETURN INVESTMENT',3,'',8,16),(112,'2024-07-30 14:41:41.107333','103','RETURN INVESTMENT',3,'',8,16),(113,'2024-07-30 14:41:41.111913','102','RETURN INVESTMENT',3,'',8,16),(114,'2024-07-30 14:41:41.115105','101','RETURN INVESTMENT',3,'',8,16),(115,'2024-07-30 14:41:41.120210','100','RETURN INVESTMENT',3,'',8,16),(116,'2024-07-30 14:41:41.124812','99','RETURN INVESTMENT',3,'',8,16),(117,'2024-07-30 14:48:50.157207','128','RETURN INVESTMENT',3,'',8,16),(118,'2024-07-30 14:48:50.163125','127','RETURN INVESTMENT',3,'',8,16),(119,'2024-07-30 14:48:50.167715','125','RETURN INVESTMENT',3,'',8,16),(120,'2024-07-30 14:48:50.172639','124','RETURN INVESTMENT',3,'',8,16),(121,'2024-07-30 14:48:50.176950','123','RETURN INVESTMENT',3,'',8,16),(122,'2024-07-30 14:48:50.182115','122','RETURN INVESTMENT',3,'',8,16),(123,'2024-07-30 14:48:50.187243','121','RETURN INVESTMENT',3,'',8,16),(124,'2024-07-30 14:48:50.191833','120','RETURN INVESTMENT',3,'',8,16),(125,'2024-07-30 14:48:50.195813','119','RETURN INVESTMENT',3,'',8,16),(126,'2024-07-30 14:48:50.199780','118','RETURN INVESTMENT',3,'',8,16),(127,'2024-07-30 14:48:50.205470','117','RETURN INVESTMENT',3,'',8,16),(128,'2024-07-30 14:48:50.209847','116','RETURN INVESTMENT',3,'',8,16),(129,'2024-07-30 14:48:50.213836','115','RETURN INVESTMENT',3,'',8,16),(130,'2024-07-30 14:48:50.218671','114','RETURN INVESTMENT',3,'',8,16),(131,'2024-07-30 14:48:50.223428','113','RETURN INVESTMENT',3,'',8,16),(132,'2024-07-30 14:48:50.227644','112','RETURN INVESTMENT',3,'',8,16),(133,'2024-07-30 14:48:50.231568','111','RETURN INVESTMENT',3,'',8,16),(134,'2024-07-30 14:48:50.235404','110','RETURN INVESTMENT',3,'',8,16),(135,'2024-07-30 14:48:50.239003','109','RETURN INVESTMENT',3,'',8,16),(136,'2024-07-30 14:48:50.242751','108','RETURN INVESTMENT',3,'',8,16),(137,'2024-07-30 14:48:50.247000','107','RETURN INVESTMENT',3,'',8,16),(138,'2024-07-30 14:48:50.250908','106','RETURN INVESTMENT',3,'',8,16),(139,'2024-07-30 14:48:50.254388','105','RETURN INVESTMENT',3,'',8,16),(140,'2024-07-30 14:48:50.256895','104','RETURN INVESTMENT',3,'',8,16),(141,'2024-07-30 14:52:04.152803','148','RETURN INVESTMENT',3,'',8,16),(142,'2024-07-30 14:52:04.159385','147','RETURN INVESTMENT',3,'',8,16),(143,'2024-07-30 14:52:04.162854','146','RETURN INVESTMENT',3,'',8,16),(144,'2024-07-30 14:52:04.165245','145','RETURN INVESTMENT',3,'',8,16),(145,'2024-07-30 14:52:04.168582','144','RETURN INVESTMENT',3,'',8,16),(146,'2024-07-30 14:52:04.171909','143','RETURN INVESTMENT',3,'',8,16),(147,'2024-07-30 14:52:04.175190','142','RETURN INVESTMENT',3,'',8,16),(148,'2024-07-30 14:52:04.178922','141','RETURN INVESTMENT',3,'',8,16),(149,'2024-07-30 14:52:04.184589','140','RETURN INVESTMENT',3,'',8,16),(150,'2024-07-30 14:52:04.189582','139','RETURN INVESTMENT',3,'',8,16),(151,'2024-07-30 14:52:04.194039','138','RETURN INVESTMENT',3,'',8,16),(152,'2024-07-30 14:52:04.197662','137','RETURN INVESTMENT',3,'',8,16),(153,'2024-07-30 14:52:04.202508','136','RETURN INVESTMENT',3,'',8,16),(154,'2024-07-30 14:52:04.206265','135','RETURN INVESTMENT',3,'',8,16),(155,'2024-07-30 14:52:04.209419','134','RETURN INVESTMENT',3,'',8,16),(156,'2024-07-30 14:52:04.214441','133','RETURN INVESTMENT',3,'',8,16),(157,'2024-07-30 14:52:04.219059','132','RETURN INVESTMENT',3,'',8,16),(158,'2024-07-30 14:52:04.224463','131','RETURN INVESTMENT',3,'',8,16),(159,'2024-07-30 14:52:04.228519','130','RETURN INVESTMENT',3,'',8,16),(160,'2024-07-30 14:52:04.231831','129','RETURN INVESTMENT',3,'',8,16),(161,'2024-07-30 14:52:04.236361','126','RETURN INVESTMENT',3,'',8,16),(162,'2024-07-30 15:24:07.030621','158','RETURN INVESTMENT',3,'',8,16),(163,'2024-07-30 15:24:07.039860','157','RETURN INVESTMENT',3,'',8,16),(164,'2024-07-30 15:24:07.044367','156','RETURN INVESTMENT',3,'',8,16),(165,'2024-07-30 15:24:07.048022','155','RETURN INVESTMENT',3,'',8,16),(166,'2024-07-30 15:24:07.051550','154','RETURN INVESTMENT',3,'',8,16),(167,'2024-07-30 15:24:07.055175','153','RETURN INVESTMENT',3,'',8,16),(168,'2024-07-30 15:24:07.059399','152','RETURN INVESTMENT',3,'',8,16),(169,'2024-07-30 15:24:07.064259','151','RETURN INVESTMENT',3,'',8,16),(170,'2024-07-30 15:24:07.067213','150','RETURN INVESTMENT',3,'',8,16),(171,'2024-07-30 15:24:07.071773','149','RETURN INVESTMENT',3,'',8,16),(172,'2024-07-31 15:52:14.023716','258','RETURN INVESTMENT',3,'',8,16),(173,'2024-07-31 15:52:14.031503','257','RETURN INVESTMENT',3,'',8,16),(174,'2024-07-31 15:52:14.037300','256','RETURN INVESTMENT',3,'',8,16),(175,'2024-07-31 15:52:14.042032','255','RETURN INVESTMENT',3,'',8,16),(176,'2024-07-31 15:52:14.045913','254','RETURN INVESTMENT',3,'',8,16),(177,'2024-07-31 15:52:14.049683','253','RETURN INVESTMENT',3,'',8,16),(178,'2024-07-31 15:52:14.055092','252','RETURN INVESTMENT',3,'',8,16),(179,'2024-07-31 15:52:14.058490','251','RETURN INVESTMENT',3,'',8,16),(180,'2024-07-31 15:52:14.061018','250','RETURN INVESTMENT',3,'',8,16),(181,'2024-07-31 15:52:14.064497','249','RETURN INVESTMENT',3,'',8,16),(182,'2024-07-31 15:52:14.068388','248','RETURN INVESTMENT',3,'',8,16),(183,'2024-07-31 15:52:14.073964','247','RETURN INVESTMENT',3,'',8,16),(184,'2024-07-31 15:52:14.079290','246','RETURN INVESTMENT',3,'',8,16),(185,'2024-07-31 15:52:14.083310','245','RETURN INVESTMENT',3,'',8,16),(186,'2024-07-31 15:52:14.087778','244','RETURN INVESTMENT',3,'',8,16),(187,'2024-07-31 15:52:14.091923','243','RETURN INVESTMENT',3,'',8,16),(188,'2024-07-31 15:52:14.095643','242','RETURN INVESTMENT',3,'',8,16),(189,'2024-07-31 15:52:14.099873','241','RETURN INVESTMENT',3,'',8,16),(190,'2024-07-31 15:52:14.102827','240','RETURN INVESTMENT',3,'',8,16),(191,'2024-07-31 15:52:14.106420','239','RETURN INVESTMENT',3,'',8,16),(192,'2024-07-31 15:52:14.109198','238','RETURN INVESTMENT',3,'',8,16),(193,'2024-07-31 15:52:14.112479','237','RETURN INVESTMENT',3,'',8,16),(194,'2024-07-31 15:52:14.115786','236','RETURN INVESTMENT',3,'',8,16),(195,'2024-07-31 15:52:14.119222','235','RETURN INVESTMENT',3,'',8,16),(196,'2024-07-31 15:52:14.122906','234','RETURN INVESTMENT',3,'',8,16),(197,'2024-07-31 15:52:14.125498','233','RETURN INVESTMENT',3,'',8,16),(198,'2024-07-31 15:52:14.129086','232','RETURN INVESTMENT',3,'',8,16),(199,'2024-07-31 15:52:14.134364','231','RETURN INVESTMENT',3,'',8,16),(200,'2024-07-31 15:52:14.139141','230','RETURN INVESTMENT',3,'',8,16),(201,'2024-07-31 15:52:14.143952','166','RETURN INVESTMENT',3,'',8,16),(202,'2024-07-31 15:52:14.148376','165','RETURN INVESTMENT',3,'',8,16),(203,'2024-07-31 15:52:14.151954','164','RETURN INVESTMENT',3,'',8,16),(204,'2024-07-31 15:52:14.155010','163','RETURN INVESTMENT',3,'',8,16),(205,'2024-07-31 15:52:14.158976','162','RETURN INVESTMENT',3,'',8,16),(206,'2024-07-31 15:52:14.163732','161','RETURN INVESTMENT',3,'',8,16),(207,'2024-07-31 15:52:14.166388','160','RETURN INVESTMENT',3,'',8,16),(208,'2024-07-31 15:52:14.168564','159','RETURN INVESTMENT',3,'',8,16),(209,'2024-07-31 15:54:03.804451','229','RETURN INVESTMENT',3,'',8,16),(210,'2024-07-31 15:54:03.812036','228','RETURN INVESTMENT',3,'',8,16),(211,'2024-07-31 15:54:03.819059','227','RETURN INVESTMENT',3,'',8,16),(212,'2024-07-31 15:54:03.826941','226','RETURN INVESTMENT',3,'',8,16),(213,'2024-07-31 15:54:03.832798','225','RETURN INVESTMENT',3,'',8,16),(214,'2024-07-31 15:54:03.838720','224','RETURN INVESTMENT',3,'',8,16),(215,'2024-07-31 15:54:03.843804','223','RETURN INVESTMENT',3,'',8,16),(216,'2024-07-31 15:54:03.859373','222','RETURN INVESTMENT',3,'',8,16),(217,'2024-07-31 15:54:03.865618','221','RETURN INVESTMENT',3,'',8,16),(218,'2024-07-31 15:54:03.871561','220','RETURN INVESTMENT',3,'',8,16),(219,'2024-07-31 15:54:03.877306','219','RETURN INVESTMENT',3,'',8,16),(220,'2024-07-31 15:54:03.885659','218','RETURN INVESTMENT',3,'',8,16),(221,'2024-07-31 15:54:03.894693','217','RETURN INVESTMENT',3,'',8,16),(222,'2024-07-31 15:54:03.902048','216','RETURN INVESTMENT',3,'',8,16),(223,'2024-07-31 15:54:03.910440','215','RETURN INVESTMENT',3,'',8,16),(224,'2024-07-31 15:54:03.918528','214','RETURN INVESTMENT',3,'',8,16),(225,'2024-07-31 15:54:03.927496','213','RETURN INVESTMENT',3,'',8,16),(226,'2024-07-31 15:54:03.932330','212','RETURN INVESTMENT',3,'',8,16),(227,'2024-07-31 15:54:03.936501','211','RETURN INVESTMENT',3,'',8,16),(228,'2024-07-31 15:54:03.940963','210','RETURN INVESTMENT',3,'',8,16),(229,'2024-07-31 15:54:03.945081','209','RETURN INVESTMENT',3,'',8,16),(230,'2024-07-31 15:54:03.948708','208','RETURN INVESTMENT',3,'',8,16),(231,'2024-07-31 15:54:03.952277','207','RETURN INVESTMENT',3,'',8,16),(232,'2024-07-31 15:54:03.958514','206','RETURN INVESTMENT',3,'',8,16),(233,'2024-07-31 15:54:03.963334','205','RETURN INVESTMENT',3,'',8,16),(234,'2024-07-31 15:54:03.968448','204','RETURN INVESTMENT',3,'',8,16),(235,'2024-07-31 15:54:03.972493','203','RETURN INVESTMENT',3,'',8,16),(236,'2024-07-31 15:54:03.977872','202','RETURN INVESTMENT',3,'',8,16),(237,'2024-07-31 15:54:03.983725','201','RETURN INVESTMENT',3,'',8,16),(238,'2024-07-31 15:54:03.989901','200','RETURN INVESTMENT',3,'',8,16),(239,'2024-07-31 15:54:03.995591','199','RETURN INVESTMENT',3,'',8,16),(240,'2024-07-31 15:54:04.009946','198','RETURN INVESTMENT',3,'',8,16),(241,'2024-07-31 15:54:04.016708','197','RETURN INVESTMENT',3,'',8,16),(242,'2024-07-31 15:54:04.026087','196','RETURN INVESTMENT',3,'',8,16),(243,'2024-07-31 15:54:04.033318','195','RETURN INVESTMENT',3,'',8,16),(244,'2024-07-31 15:54:04.041739','194','RETURN INVESTMENT',3,'',8,16),(245,'2024-07-31 15:54:04.050130','193','RETURN INVESTMENT',3,'',8,16),(246,'2024-07-31 15:54:04.054979','192','RETURN INVESTMENT',3,'',8,16),(247,'2024-07-31 15:54:04.060814','191','RETURN INVESTMENT',3,'',8,16),(248,'2024-07-31 15:54:04.067164','190','RETURN INVESTMENT',3,'',8,16),(249,'2024-07-31 15:54:04.074709','189','RETURN INVESTMENT',3,'',8,16),(250,'2024-07-31 15:54:04.080073','188','RETURN INVESTMENT',3,'',8,16),(251,'2024-07-31 15:54:04.089300','187','RETURN INVESTMENT',3,'',8,16),(252,'2024-07-31 15:54:04.093806','186','RETURN INVESTMENT',3,'',8,16),(253,'2024-07-31 15:54:04.101602','185','RETURN INVESTMENT',3,'',8,16),(254,'2024-07-31 15:54:04.108941','184','RETURN INVESTMENT',3,'',8,16),(255,'2024-07-31 15:54:04.114385','183','RETURN INVESTMENT',3,'',8,16),(256,'2024-07-31 15:54:04.119835','182','RETURN INVESTMENT',3,'',8,16),(257,'2024-07-31 15:54:04.124479','181','RETURN INVESTMENT',3,'',8,16),(258,'2024-07-31 15:54:04.128956','180','RETURN INVESTMENT',3,'',8,16),(259,'2024-07-31 15:54:04.132990','179','RETURN INVESTMENT',3,'',8,16),(260,'2024-07-31 15:54:04.137468','178','RETURN INVESTMENT',3,'',8,16),(261,'2024-07-31 15:54:04.141520','177','RETURN INVESTMENT',3,'',8,16),(262,'2024-07-31 15:54:04.145391','176','RETURN INVESTMENT',3,'',8,16),(263,'2024-07-31 15:54:04.151077','175','RETURN INVESTMENT',3,'',8,16),(264,'2024-07-31 15:54:04.157378','174','RETURN INVESTMENT',3,'',8,16),(265,'2024-07-31 15:54:04.161856','173','RETURN INVESTMENT',3,'',8,16),(266,'2024-07-31 15:54:04.166675','172','RETURN INVESTMENT',3,'',8,16),(267,'2024-07-31 15:54:04.172126','171','RETURN INVESTMENT',3,'',8,16),(268,'2024-07-31 15:54:04.179033','170','RETURN INVESTMENT',3,'',8,16),(269,'2024-07-31 15:54:04.184550','169','RETURN INVESTMENT',3,'',8,16),(270,'2024-07-31 15:54:04.189603','168','RETURN INVESTMENT',3,'',8,16),(271,'2024-07-31 15:54:04.194681','167','RETURN INVESTMENT',3,'',8,16),(272,'2024-07-31 15:57:40.349165','43','InvestmentForFund object (43)',3,'',11,16),(273,'2024-07-31 15:57:40.353748','42','InvestmentForFund object (42)',3,'',11,16),(274,'2024-07-31 15:57:40.357017','41','InvestmentForFund object (41)',3,'',11,16),(275,'2024-07-31 15:57:40.360293','40','InvestmentForFund object (40)',3,'',11,16),(276,'2024-07-31 15:57:40.363305','39','InvestmentForFund object (39)',3,'',11,16),(277,'2024-07-31 15:57:40.367097','38','InvestmentForFund object (38)',3,'',11,16),(278,'2024-07-31 15:57:40.370708','37','InvestmentForFund object (37)',3,'',11,16),(279,'2024-07-31 15:57:40.374272','36','InvestmentForFund object (36)',3,'',11,16),(280,'2024-07-31 16:04:02.337710','289','RETURN INVESTMENT',3,'',8,16),(281,'2024-07-31 16:04:02.344396','288','RETURN INVESTMENT',3,'',8,16),(282,'2024-07-31 16:04:02.348288','287','RETURN INVESTMENT',3,'',8,16),(283,'2024-07-31 16:04:02.352206','286','RETURN INVESTMENT',3,'',8,16),(284,'2024-07-31 16:04:02.355612','285','RETURN INVESTMENT',3,'',8,16),(285,'2024-07-31 16:04:02.359058','284','RETURN INVESTMENT',3,'',8,16),(286,'2024-07-31 16:04:02.363079','283','RETURN INVESTMENT',3,'',8,16),(287,'2024-07-31 16:04:02.367075','282','RETURN INVESTMENT',3,'',8,16),(288,'2024-07-31 16:04:02.371294','281','RETURN INVESTMENT',3,'',8,16),(289,'2024-07-31 16:04:02.374572','280','RETURN INVESTMENT',3,'',8,16),(290,'2024-07-31 16:04:02.379074','279','RETURN INVESTMENT',3,'',8,16),(291,'2024-07-31 16:04:02.382648','278','RETURN INVESTMENT',3,'',8,16),(292,'2024-07-31 16:04:02.385896','277','RETURN INVESTMENT',3,'',8,16),(293,'2024-07-31 16:04:02.388733','276','RETURN INVESTMENT',3,'',8,16),(294,'2024-07-31 16:04:02.392308','275','RETURN INVESTMENT',3,'',8,16),(295,'2024-07-31 16:04:02.395263','274','RETURN INVESTMENT',3,'',8,16),(296,'2024-07-31 16:04:02.398474','273','RETURN INVESTMENT',3,'',8,16),(297,'2024-07-31 16:04:02.400765','272','RETURN INVESTMENT',3,'',8,16),(298,'2024-07-31 16:04:02.404841','271','RETURN INVESTMENT',3,'',8,16),(299,'2024-07-31 16:04:02.408715','270','RETURN INVESTMENT',3,'',8,16),(300,'2024-07-31 16:04:02.411876','269','RETURN INVESTMENT',3,'',8,16),(301,'2024-07-31 16:04:02.415028','268','RETURN INVESTMENT',3,'',8,16),(302,'2024-07-31 16:04:02.418676','267','RETURN INVESTMENT',3,'',8,16),(303,'2024-07-31 16:04:02.421325','266','RETURN INVESTMENT',3,'',8,16),(304,'2024-07-31 16:04:02.424869','265','RETURN INVESTMENT',3,'',8,16),(305,'2024-07-31 16:04:02.429305','264','RETURN INVESTMENT',3,'',8,16),(306,'2024-07-31 16:04:02.432281','263','RETURN INVESTMENT',3,'',8,16),(307,'2024-07-31 16:04:02.435831','262','RETURN INVESTMENT',3,'',8,16),(308,'2024-07-31 16:04:02.439198','261','RETURN INVESTMENT',3,'',8,16),(309,'2024-07-31 16:04:02.442645','260','RETURN INVESTMENT',3,'',8,16),(310,'2024-07-31 16:04:02.445329','259','RETURN INVESTMENT',3,'',8,16),(311,'2024-07-31 16:05:23.569774','358','RETURN INVESTMENT',3,'',8,16),(312,'2024-07-31 16:05:23.576699','357','RETURN INVESTMENT',3,'',8,16),(313,'2024-07-31 16:05:23.581737','356','RETURN INVESTMENT',3,'',8,16),(314,'2024-07-31 16:05:23.586966','355','RETURN INVESTMENT',3,'',8,16),(315,'2024-07-31 16:05:23.591410','354','RETURN INVESTMENT',3,'',8,16),(316,'2024-07-31 16:05:23.595300','353','RETURN INVESTMENT',3,'',8,16),(317,'2024-07-31 16:05:23.598435','352','RETURN INVESTMENT',3,'',8,16),(318,'2024-07-31 16:05:23.600993','351','RETURN INVESTMENT',3,'',8,16),(319,'2024-07-31 16:05:23.604258','350','RETURN INVESTMENT',3,'',8,16),(320,'2024-07-31 16:05:23.607569','349','RETURN INVESTMENT',3,'',8,16),(321,'2024-07-31 16:05:23.611721','348','RETURN INVESTMENT',3,'',8,16),(322,'2024-07-31 16:05:23.614738','347','RETURN INVESTMENT',3,'',8,16),(323,'2024-07-31 16:05:23.617149','346','RETURN INVESTMENT',3,'',8,16),(324,'2024-07-31 16:05:23.620313','345','RETURN INVESTMENT',3,'',8,16),(325,'2024-07-31 16:05:23.623251','344','RETURN INVESTMENT',3,'',8,16),(326,'2024-07-31 16:05:23.628313','343','RETURN INVESTMENT',3,'',8,16),(327,'2024-07-31 16:05:23.632015','342','RETURN INVESTMENT',3,'',8,16),(328,'2024-07-31 16:05:23.635793','338','RETURN INVESTMENT',3,'',8,16),(329,'2024-07-31 16:05:23.639278','335','RETURN INVESTMENT',3,'',8,16),(330,'2024-07-31 16:05:23.645043','333','RETURN INVESTMENT',3,'',8,16),(331,'2024-07-31 16:05:23.648283','331','RETURN INVESTMENT',3,'',8,16),(332,'2024-07-31 16:05:23.653514','330','RETURN INVESTMENT',3,'',8,16),(333,'2024-07-31 16:05:23.657574','329','RETURN INVESTMENT',3,'',8,16),(334,'2024-07-31 16:05:23.661387','328','RETURN INVESTMENT',3,'',8,16),(335,'2024-07-31 16:05:23.665337','327','RETURN INVESTMENT',3,'',8,16),(336,'2024-07-31 16:05:23.669175','326','RETURN INVESTMENT',3,'',8,16),(337,'2024-07-31 16:05:23.676585','325','RETURN INVESTMENT',3,'',8,16),(338,'2024-07-31 16:05:23.681350','324','RETURN INVESTMENT',3,'',8,16),(339,'2024-07-31 16:05:23.685035','323','RETURN INVESTMENT',3,'',8,16),(340,'2024-07-31 16:05:23.688720','322','RETURN INVESTMENT',3,'',8,16),(341,'2024-07-31 16:05:23.698100','317','RETURN INVESTMENT',3,'',8,16),(342,'2024-07-31 16:05:23.703417','316','RETURN INVESTMENT',3,'',8,16),(343,'2024-07-31 16:05:23.707587','315','RETURN INVESTMENT',3,'',8,16),(344,'2024-07-31 16:05:23.712747','314','RETURN INVESTMENT',3,'',8,16),(345,'2024-07-31 16:05:23.718454','313','RETURN INVESTMENT',3,'',8,16),(346,'2024-07-31 16:05:23.723746','310','RETURN INVESTMENT',3,'',8,16),(347,'2024-07-31 16:05:23.728363','305','RETURN INVESTMENT',3,'',8,16),(348,'2024-07-31 16:05:23.732479','302','RETURN INVESTMENT',3,'',8,16),(349,'2024-07-31 16:05:23.736091','298','RETURN INVESTMENT',3,'',8,16),(350,'2024-07-31 16:05:23.739837','293','RETURN INVESTMENT',3,'',8,16),(351,'2024-07-31 16:16:48.947551','341','RETURN INVESTMENT',3,'',8,16),(352,'2024-07-31 16:16:48.953345','340','RETURN INVESTMENT',3,'',8,16),(353,'2024-07-31 16:16:48.959008','339','RETURN INVESTMENT',3,'',8,16),(354,'2024-07-31 16:16:48.966056','337','RETURN INVESTMENT',3,'',8,16),(355,'2024-07-31 16:16:48.970218','336','RETURN INVESTMENT',3,'',8,16),(356,'2024-07-31 16:16:48.973556','334','RETURN INVESTMENT',3,'',8,16),(357,'2024-07-31 16:16:48.975966','332','RETURN INVESTMENT',3,'',8,16),(358,'2024-07-31 16:16:48.980020','321','RETURN INVESTMENT',3,'',8,16),(359,'2024-07-31 16:16:48.983878','320','RETURN INVESTMENT',3,'',8,16),(360,'2024-07-31 16:16:48.989797','319','RETURN INVESTMENT',3,'',8,16),(361,'2024-07-31 16:16:48.995422','318','RETURN INVESTMENT',3,'',8,16),(362,'2024-07-31 16:16:49.000418','312','RETURN INVESTMENT',3,'',8,16),(363,'2024-07-31 16:16:49.005879','311','RETURN INVESTMENT',3,'',8,16),(364,'2024-07-31 16:16:49.009952','309','RETURN INVESTMENT',3,'',8,16),(365,'2024-07-31 16:16:49.013508','308','RETURN INVESTMENT',3,'',8,16),(366,'2024-07-31 16:16:49.017463','307','RETURN INVESTMENT',3,'',8,16),(367,'2024-07-31 16:16:49.022390','306','RETURN INVESTMENT',3,'',8,16),(368,'2024-07-31 16:16:49.029443','304','RETURN INVESTMENT',3,'',8,16),(369,'2024-07-31 16:16:49.039170','303','RETURN INVESTMENT',3,'',8,16),(370,'2024-07-31 16:16:49.046007','301','RETURN INVESTMENT',3,'',8,16),(371,'2024-07-31 16:16:49.050810','300','RETURN INVESTMENT',3,'',8,16),(372,'2024-07-31 16:16:49.056184','299','RETURN INVESTMENT',3,'',8,16),(373,'2024-07-31 16:16:49.061303','297','RETURN INVESTMENT',3,'',8,16),(374,'2024-07-31 16:16:49.065034','296','RETURN INVESTMENT',3,'',8,16),(375,'2024-07-31 16:16:49.068557','295','RETURN INVESTMENT',3,'',8,16),(376,'2024-07-31 16:16:49.072216','294','RETURN INVESTMENT',3,'',8,16),(377,'2024-07-31 16:16:49.075697','292','RETURN INVESTMENT',3,'',8,16),(378,'2024-07-31 16:16:49.079463','291','RETURN INVESTMENT',3,'',8,16),(379,'2024-07-31 16:16:49.085000','290','RETURN INVESTMENT',3,'',8,16),(380,'2024-07-31 16:17:12.844247','45','InvestmentForFund object (45)',3,'',11,16),(381,'2024-07-31 16:17:12.849345','44','InvestmentForFund object (44)',3,'',11,16),(382,'2024-07-31 16:57:36.070576','369','RETURN INVESTMENT',3,'',8,16),(383,'2024-07-31 16:57:36.077780','368','RETURN INVESTMENT',3,'',8,16),(384,'2024-07-31 16:57:36.082601','367','RETURN INVESTMENT',3,'',8,16),(385,'2024-07-31 16:57:36.087756','366','RETURN INVESTMENT',3,'',8,16),(386,'2024-07-31 16:57:36.091868','365','RETURN INVESTMENT',3,'',8,16),(387,'2024-07-31 16:57:36.097517','364','RETURN INVESTMENT',3,'',8,16),(388,'2024-07-31 16:57:36.101689','363','RETURN INVESTMENT',3,'',8,16),(389,'2024-07-31 16:57:36.105339','362','RETURN INVESTMENT',3,'',8,16),(390,'2024-07-31 16:57:36.108948','361','RETURN INVESTMENT',3,'',8,16),(391,'2024-07-31 16:57:36.115218','360','RETURN INVESTMENT',3,'',8,16),(392,'2024-07-31 16:57:36.119671','359','RETURN INVESTMENT',3,'',8,16),(393,'2024-07-31 16:57:59.778846','50','InvestmentForFund object (50)',3,'',11,16),(394,'2024-07-31 16:57:59.783895','49','InvestmentForFund object (49)',3,'',11,16),(395,'2024-07-31 16:57:59.788163','48','InvestmentForFund object (48)',3,'',11,16),(396,'2024-07-31 16:57:59.792227','47','InvestmentForFund object (47)',3,'',11,16),(397,'2024-07-31 16:57:59.795290','46','InvestmentForFund object (46)',3,'',11,16),(398,'2024-08-02 16:07:38.821569','54','InvestmentForFund object (54)',3,'',11,16),(399,'2024-08-02 16:07:38.827939','53','InvestmentForFund object (53)',3,'',11,16),(400,'2024-08-02 16:07:38.833146','52','InvestmentForFund object (52)',3,'',11,16),(401,'2024-08-02 16:07:38.836968','51','InvestmentForFund object (51)',3,'',11,16),(402,'2024-08-02 16:12:27.346214','55','InvestmentForFund object (55)',3,'',11,16),(403,'2024-08-02 16:25:46.524511','374','RETURN INVESTMENT',3,'',8,16),(404,'2024-08-02 16:25:46.529954','373','RETURN INVESTMENT',3,'',8,16),(405,'2024-08-02 16:25:46.534796','372','RETURN INVESTMENT',3,'',8,16),(406,'2024-08-02 16:25:46.538475','371','RETURN INVESTMENT',3,'',8,16),(407,'2024-08-02 16:25:46.541803','370','RETURN INVESTMENT',3,'',8,16),(408,'2024-08-02 16:26:20.456793','59','InvestmentForFund object (59)',3,'',11,16),(409,'2024-08-02 16:26:20.460838','58','InvestmentForFund object (58)',3,'',11,16),(410,'2024-08-02 16:26:20.464759','57','InvestmentForFund object (57)',3,'',11,16),(411,'2024-08-02 16:26:20.467910','56','InvestmentForFund object (56)',3,'',11,16),(412,'2024-08-02 16:34:06.659411','384','RETURN INVESTMENT',3,'',8,16),(413,'2024-08-02 16:34:06.667754','383','RETURN INVESTMENT',3,'',8,16),(414,'2024-08-02 16:34:06.674384','382','RETURN INVESTMENT',3,'',8,16),(415,'2024-08-02 16:34:06.682920','381','RETURN INVESTMENT',3,'',8,16),(416,'2024-08-02 16:34:06.688697','380','RETURN INVESTMENT',3,'',8,16),(417,'2024-08-02 16:34:06.692998','379','RETURN INVESTMENT',3,'',8,16),(418,'2024-08-02 16:34:06.696237','378','RETURN INVESTMENT',3,'',8,16),(419,'2024-08-02 16:34:06.700081','377','RETURN INVESTMENT',3,'',8,16),(420,'2024-08-02 16:34:06.704527','376','RETURN INVESTMENT',3,'',8,16),(421,'2024-08-02 16:34:06.707509','375','RETURN INVESTMENT',3,'',8,16),(422,'2024-08-03 13:35:25.794853','16','super@gmail.com',2,'[{\"changed\": {\"fields\": [\"Last name\", \"Email address\", \"Username\", \"Cus code\", \"Sponsor code\", \"M tree\", \"Cus name\", \"Cus mobile\", \"Cus bank name\", \"Cus account no\", \"Cus ifsc\", \"Cus image\", \"Cus address\", \"Cus country\", \"Cus mobile code\", \"Updated at\", \"Deleted at\"]}}]',6,16),(423,'2024-08-03 14:49:34.496374','390','SPONSOR INVESTMENT',3,'',8,16),(424,'2024-08-03 14:49:34.503390','389','SPONSOR INVESTMENT',3,'',8,16),(425,'2024-08-03 14:49:34.508881','388','SPONSOR INVESTMENT',3,'',8,16),(426,'2024-08-03 14:49:34.512131','387','SPONSOR INVESTMENT',3,'',8,16),(427,'2024-08-03 14:49:34.515747','386','SPONSOR INVESTMENT',3,'',8,16),(428,'2024-08-03 14:49:34.519221','385','SPONSOR INVESTMENT',3,'',8,16),(429,'2024-08-04 08:19:31.635486','391','SPONSOR INVESTMENT',3,'',8,16),(430,'2024-08-04 08:20:55.320327','392','SPONSOR INVESTMENT',3,'',8,16),(431,'2024-08-04 08:21:15.009409','393','SPONSOR INVESTMENT',3,'',8,16),(432,'2024-08-04 08:21:23.537694','394','SPONSOR INVESTMENT',3,'',8,16),(433,'2024-08-04 08:22:32.912339','399','RETURN INVESTMENT',3,'',8,16),(434,'2024-08-04 08:23:00.622095','400','RETURN INVESTMENT',3,'',8,16),(435,'2024-08-04 08:23:53.162845','401','RETURN INVESTMENT',3,'',8,16),(436,'2024-08-04 08:25:02.900142','414','SPONSOR INVESTMENT',3,'',8,16),(437,'2024-08-04 08:25:08.790863','415','SPONSOR INVESTMENT',3,'',8,16);
/*!40000 ALTER TABLE `django_admin_log` ENABLE KEYS */;
UNLOCK TABLES;

--
-- Table structure for table `django_content_type`
--

DROP TABLE IF EXISTS `django_content_type`;
/*!40101 SET @saved_cs_client     = @@character_set_client */;
/*!50503 SET character_set_client = utf8mb4 */;
CREATE TABLE `django_content_type` (
  `id` int NOT NULL AUTO_INCREMENT,
  `app_label` varchar(100) NOT NULL,
  `model` varchar(100) NOT NULL,
  PRIMARY KEY (`id`),
  UNIQUE KEY `django_content_type_app_label_model_76bd3d3b_uniq` (`app_label`,`model`)
) ENGINE=MyISAM AUTO_INCREMENT=12 DEFAULT CHARSET=utf8mb4 COLLATE=utf8mb4_0900_ai_ci;
/*!40101 SET character_set_client = @saved_cs_client */;

--
-- Dumping data for table `django_content_type`
--

LOCK TABLES `django_content_type` WRITE;
/*!40000 ALTER TABLE `django_content_type` DISABLE KEYS */;
INSERT INTO `django_content_type` VALUES (1,'admin','logentry'),(2,'auth','permission'),(3,'auth','group'),(4,'contenttypes','contenttype'),(5,'sessions','session'),(6,'neurovart','customers'),(7,'neurovart','payments'),(8,'neurovart','wallet_transactions'),(9,'neurovart','payouts'),(10,'neurovart','applyforfund'),(11,'neurovart','investmentforfund');
/*!40000 ALTER TABLE `django_content_type` ENABLE KEYS */;
UNLOCK TABLES;

--
-- Table structure for table `django_migrations`
--

DROP TABLE IF EXISTS `django_migrations`;
/*!40101 SET @saved_cs_client     = @@character_set_client */;
/*!50503 SET character_set_client = utf8mb4 */;
CREATE TABLE `django_migrations` (
  `id` bigint NOT NULL AUTO_INCREMENT,
  `app` varchar(255) NOT NULL,
  `name` varchar(255) NOT NULL,
  `applied` datetime(6) NOT NULL,
  PRIMARY KEY (`id`)
) ENGINE=MyISAM AUTO_INCREMENT=31 DEFAULT CHARSET=utf8mb4 COLLATE=utf8mb4_0900_ai_ci;
/*!40101 SET character_set_client = @saved_cs_client */;

--
-- Dumping data for table `django_migrations`
--

LOCK TABLES `django_migrations` WRITE;
/*!40000 ALTER TABLE `django_migrations` DISABLE KEYS */;
INSERT INTO `django_migrations` VALUES (1,'contenttypes','0001_initial','2024-07-13 07:54:30.357366'),(2,'contenttypes','0002_remove_content_type_name','2024-07-13 07:54:30.435488'),(3,'auth','0001_initial','2024-07-13 07:54:30.669843'),(4,'auth','0002_alter_permission_name_max_length','2024-07-13 07:54:30.685466'),(5,'auth','0003_alter_user_email_max_length','2024-07-13 07:54:30.701092'),(6,'auth','0004_alter_user_username_opts','2024-07-13 07:54:30.701092'),(7,'auth','0005_alter_user_last_login_null','2024-07-13 07:54:30.716715'),(8,'auth','0006_require_contenttypes_0002','2024-07-13 07:54:30.716715'),(9,'auth','0007_alter_validators_add_error_messages','2024-07-13 07:54:30.716715'),(10,'auth','0008_alter_user_username_max_length','2024-07-13 07:54:30.716715'),(11,'auth','0009_alter_user_last_name_max_length','2024-07-13 07:54:30.732338'),(12,'auth','0010_alter_group_name_max_length','2024-07-13 07:54:30.763588'),(13,'auth','0011_update_proxy_permissions','2024-07-13 07:54:30.779210'),(14,'auth','0012_alter_user_first_name_max_length','2024-07-13 07:54:30.779210'),(15,'neurovart','0001_initial','2024-07-13 07:54:31.122934'),(16,'admin','0001_initial','2024-07-13 07:54:31.326047'),(17,'admin','0002_logentry_remove_auto_add','2024-07-13 07:54:31.341669'),(18,'admin','0003_logentry_add_action_flag_choices','2024-07-13 07:54:31.341669'),(19,'sessions','0001_initial','2024-07-13 07:54:31.372916'),(20,'neurovart','0002_payments_customers_cus_wallet_and_more','2024-07-14 11:14:46.315092'),(21,'neurovart','0003_payments_order_id','2024-07-14 12:39:51.328271'),(22,'neurovart','0004_wallet_transactions','2024-07-15 07:22:09.316907'),(23,'neurovart','0005_payouts','2024-07-23 14:12:11.730619'),(24,'neurovart','0006_customers_is_user','2024-07-24 15:23:33.370694'),(25,'neurovart','0007_payments_remark_admin_payments_transaction_id_and_more','2024-07-27 08:03:03.627929'),(26,'neurovart','0008_alter_payouts_transaction_id','2024-07-27 10:53:08.959447'),(27,'neurovart','0009_applyforfund','2024-07-27 12:54:34.919498'),(28,'neurovart','0010_investmentforfund_applyforfund_cus_id','2024-07-29 07:07:01.632389'),(29,'neurovart','0011_investmentforfund_invested_at','2024-07-29 07:10:52.568612'),(30,'neurovart','0012_investmentforfund_end_date_and_more','2024-08-02 16:07:06.086667');
/*!40000 ALTER TABLE `django_migrations` ENABLE KEYS */;
UNLOCK TABLES;

--
-- Table structure for table `django_session`
--

DROP TABLE IF EXISTS `django_session`;
/*!40101 SET @saved_cs_client     = @@character_set_client */;
/*!50503 SET character_set_client = utf8mb4 */;
CREATE TABLE `django_session` (
  `session_key` varchar(40) NOT NULL,
  `session_data` longtext NOT NULL,
  `expire_date` datetime(6) NOT NULL,
  PRIMARY KEY (`session_key`),
  KEY `django_session_expire_date_a5c62663` (`expire_date`)
) ENGINE=MyISAM DEFAULT CHARSET=utf8mb4 COLLATE=utf8mb4_0900_ai_ci;
/*!40101 SET character_set_client = @saved_cs_client */;

--
-- Dumping data for table `django_session`
--

LOCK TABLES `django_session` WRITE;
/*!40000 ALTER TABLE `django_session` DISABLE KEYS */;
INSERT INTO `django_session` VALUES ('a7nnyoauy2e6a0glbtvrdkda6kphmli8','.eJxVjEEOwiAQRe_C2hBmCpS6dO8ZmmEYbNVAUtqV8e7apAvd_vfef6mRtnUatybLOCd1VqhOv1skfkjZQbpTuVXNtazLHPWu6IM2fa1JnpfD_TuYqE3fmngItotiATOyGIbAPfTJAOcAznuTLMQBvTgwuRNHg8-mR4edDcmgen8A2MU3Aw:1sTIeb:qFlYhP2Oan20U7rCVmBPB3fstWO5K5OZWUSkAtUy7yc','2024-07-29 10:09:57.901322'),('5oyu06gx7pi3gq2ipwio45jsoc3vajie','.eJxVjEEOwiAQRe_C2hBmCpS6dO8ZmmEYbNVAUtqV8e7apAvd_vfef6mRtnUatybLOCd1VqhOv1skfkjZQbpTuVXNtazLHPWu6IM2fa1JnpfD_TuYqE3fmngItotiATOyGIbAPfTJAOcAznuTLMQBvTgwuRNHg8-mR4edDcmgen8A2MU3Aw:1sSYBW:WaOgg8p-lBC-Ef6uRrlaA63rMuNjPBxIv_Lxb0j1bcI','2024-07-27 08:32:50.282802'),('zhwejv1i703hs1z7lgj50msuzow34pgv','.eJxVjEEOwiAQRe_C2hBmCpS6dO8ZmmEYbNVAUtqV8e7apAvd_vfef6mRtnUatybLOCd1VqhOv1skfkjZQbpTuVXNtazLHPWu6IM2fa1JnpfD_TuYqE3fmngItotiATOyGIbAPfTJAOcAznuTLMQBvTgwuRNHg8-mR4edDcmgen8A2MU3Aw:1sSbH1:z0zyPZG3tLyZdmAZ21sd2YY4zGOLhV7txfmwrtLLjdQ','2024-07-27 11:50:43.518689'),('y7xa8yc4x8zhswx8jn6hwrooz0utwmij','.eJxVjMsOwiAQRf-FtSFDC8Po0n2_gQwwSNXQpI-V8d-1SRe6veec-1KBt7WGbZE5jFldlLHq9DtGTg9pO8l3brdJp6mt8xj1ruiDLnqYsjyvh_t3UHmp3xrQUDGMHbuuKySeI5UeRJLpsVBGByw9ZPDWWicZDBCWAkT-bBFBvT_7gTdF:1sW9kn:dS2gg5bLpUQ9gY1QhX31KzUTd1iYY5csLranO0MPJVg','2024-08-06 07:16:09.634912'),('6ck7eez4wa6m44bgurakibvtfes4tye0','.eJxVjEEOwiAQRe_C2hBmCpS6dO8ZmmEYbNVAUtqV8e7apAvd_vfef6mRtnUatybLOCd1VqhOv1skfkjZQbpTuVXNtazLHPWu6IM2fa1JnpfD_TuYqE3fmngItotiATOyGIbAPfTJAOcAznuTLMQBvTgwuRNHg8-mR4edDcmgen8A2MU3Aw:1sV46v:PKHq0Zlg4-4n3U4F_YcypChkE9vJZtP3B1OIfbW04ps','2024-08-03 07:02:29.479760'),('a5h2fct411n9qm6gvnvn78jz91looism','.eJxVjEEOwiAQRe_C2hAHChSX7nsGMjMMUjVtUtqV8e7apAvd_vfef6mE21rT1mRJY1YXZdTpdyPkh0w7yHecbrPmeVqXkfSu6IM2PcxZntfD_Tuo2Oq3LsKMmTwXQPaOkQuaINhF8BaACErfAUA4R8NkvHiKYoNQdOJ6a9X7AycLOLY:1sW9c5:1paOto4CKsqtPYQsX1vxY5wkOUwZ54jUp4xKvOxhxhQ','2024-08-06 07:07:09.842308'),('i15vvzbjas26kdl3ghq643udrr6wb0k6','.eJxVjs0OgjAQhN-lZ9O4LRTq0TvPQHa3W8GfktDixfjuguGg1_lmvsxL9biUoV-yzP0Y1EkZdfjNCPkmaQPhiukyaZ5SmUfSW0XvNOtuCnI_790_wYB5WNdRmDGQ4wjIrmbkiKYRrDw4C0AEsa0AoDl6w2ScOPJiGyFfS91au0rH9JRcHpLK96l5fwBfPT8L:1sYTWJ:ysU-nvwGYHN1xTjKcMs4-gBWQu2F6kQW2kLC549laTE','2024-08-12 16:46:47.472102'),('uqaur3xhjs1o97ut9uao3uqe6t1w3u85','.eJxVjEEOwiAQRe_C2hBmCpS6dO8ZmmEYbNVAUtqV8e7apAvd_vfef6mRtnUatybLOCd1VqhOv1skfkjZQbpTuVXNtazLHPWu6IM2fa1JnpfD_TuYqE3fmngItotiATOyGIbAPfTJAOcAznuTLMQBvTgwuRNHg8-mR4edDcmgen8A2MU3Aw:1sVBJi:whelGXEO_HJSZdBui5mmcD-9LCrIsAD6oO0ZtuOYhJQ','2024-08-03 14:44:10.316223'),('e1mnn2y34k4a5cqq2x4fsl82gm7s264j','.eJxVjEEOwiAQRe_C2hBmCpS6dO8ZmmEYbNVAUtqV8e7apAvd_vfef6mRtnUatybLOCd1VqhOv1skfkjZQbpTuVXNtazLHPWu6IM2fa1JnpfD_TuYqE3fmngItotiATOyGIbAPfTJAOcAznuTLMQBvTgwuRNHg8-mR4edDcmgen8A2MU3Aw:1sV583:RTDDuPwn1ZrLAjgsimgoFLiINb-rcJR-I-ta77il02s','2024-08-03 08:07:43.599986'),('tlr45rdwkxdz14fycpbmmaopi3zcnrl0','.eJxVjEEOwiAQRe_C2hBmCpS6dO8ZmmEYbNVAUtqV8e7apAvd_vfef6mRtnUatybLOCd1VqhOv1skfkjZQbpTuVXNtazLHPWu6IM2fa1JnpfD_TuYqE3fmngItotiATOyGIbAPfTJAOcAznuTLMQBvTgwuRNHg8-mR4edDcmgen8A2MU3Aw:1sV5FI:l880tQ0_Gd7wjfFqLA2bzWZ5TrRNoBf3gHdcf9VLvno','2024-08-03 08:15:12.151400'),('jk19emwq8r534n1i2d33dbm3dwqgmkgx','.eJxVjEEOwiAQRe_C2hBmCpS6dO8ZmmEYbNVAUtqV8e7apAvd_vfef6mRtnUatybLOCd1VqhOv1skfkjZQbpTuVXNtazLHPWu6IM2fa1JnpfD_TuYqE3fmngItotiATOyGIbAPfTJAOcAznuTLMQBvTgwuRNHg8-mR4edDcmgen8A2MU3Aw:1sV5KI:Hvsvv8OyfQyrkHD2mRB-x7CZLP6dz8MKYGVu9uwE_u0','2024-08-03 08:20:22.835612'),('vhfyzzaomxy1ivb4zbvt50ewso25mhlb','.eJxVjEEOwiAQRe_C2hBmCpS6dO8ZmmEYbNVAUtqV8e7apAvd_vfef6mRtnUatybLOCd1VqhOv1skfkjZQbpTuVXNtazLHPWu6IM2fa1JnpfD_TuYqE3fmngItotiATOyGIbAPfTJAOcAznuTLMQBvTgwuRNHg8-mR4edDcmgen8A2MU3Aw:1sV5LJ:CuZfvsUwnCt_7bqFWVxTaBQf7-O7qULglnDquB16Q04','2024-08-03 08:21:25.061687'),('0oz3yd4zewb2wi9ql7hhotbynlxichhb','.eJxVjEEOwiAQRe_C2hBmCpS6dO8ZmmEYbNVAUtqV8e7apAvd_vfef6mRtnUatybLOCd1VqhOv1skfkjZQbpTuVXNtazLHPWu6IM2fa1JnpfD_TuYqE3fmngItotiATOyGIbAPfTJAOcAznuTLMQBvTgwuRNHg8-mR4edDcmgen8A2MU3Aw:1sV5QD:rtrGxZn1VYBlzl0-Yltplt6lceSLMhTHzY_6-SNzNZw','2024-08-03 08:26:29.878848'),('9w7kut97qff5leecdnl8at90ye95batk','.eJxVjEEOwiAQRe_C2hBmCpS6dO8ZmmEYbNVAUtqV8e7apAvd_vfef6mRtnUatybLOCd1VqhOv1skfkjZQbpTuVXNtazLHPWu6IM2fa1JnpfD_TuYqE3fmngItotiATOyGIbAPfTJAOcAznuTLMQBvTgwuRNHg8-mR4edDcmgen8A2MU3Aw:1sV5c3:KZSksn9ZcoeU0G9c3K_fGgoStIYoqmv1rBO2eMerKTM','2024-08-03 08:38:43.738248'),('lfb1q0r9u0obe4l0zpo0mf1h3e7a1j1d','.eJxVjEEOwiAQRe_C2hBmCpS6dO8ZmmEYbNVAUtqV8e7apAvd_vfef6mRtnUatybLOCd1VqhOv1skfkjZQbpTuVXNtazLHPWu6IM2fa1JnpfD_TuYqE3fmngItotiATOyGIbAPfTJAOcAznuTLMQBvTgwuRNHg8-mR4edDcmgen8A2MU3Aw:1sVm9R:ROqgQCDSvkNw6QDf537iy7durf5IDlkGjnvWJec-m14','2024-08-05 06:04:01.797131'),('nujqu41pypkysurbungr01vhkpjouzf7','.eJxVjEEOwiAQRe_C2hAHChSX7nsGMjMMUjVtUtqV8e7apAvd_vfef6mE21rT1mRJY1YXZdTpdyPkh0w7yHecbrPmeVqXkfSu6IM2PcxZntfD_Tuo2Oq3LsKMmTwXQPaOkQuaINhF8BaACErfAUA4R8NkvHiKYoNQdOJ6a9X7AycLOLY:1sW8xJ:nyndkxwMAUUEdRrc4Sluqh9Kv-47YjW5ChCuqBxjAiQ','2024-08-06 06:25:01.730600'),('xnxffqtm131ws78y4flmvbrc9ykimyw7','.eJxVjEEOwiAQRe_C2hAHChSX7nsGMjMMUjVtUtqV8e7apAvd_vfef6mE21rT1mRJY1YXZdTpdyPkh0w7yHecbrPmeVqXkfSu6IM2PcxZntfD_Tuo2Oq3LsKMmTwXQPaOkQuaINhF8BaACErfAUA4R8NkvHiKYoNQdOJ6a9X7AycLOLY:1sXLwT:zYcpBJ26COKunXNmIyY0NkT-VePorbNXJnFoE8oFCaU','2024-08-09 14:29:09.439696'),('8noatbbwqs05698swfk7gtpvza2stn71','.eJxVjr0OwyAQg9-FuUIcSSDp2L3PgO7gaNIfkALpUvXdm1QZ2sGL_dnySzhc6uiWwrObgjgKMOLwaxL6G6ctCVdMlyx9TnWeSG6I3NMizznw_bSzfwMjlnFta9DGq64zXivutOqtR4rQRjSBqBmIzSqIalBtVNCANT1bthgbgGhhHZ3Sk0t9cKrfq_r9ASLTPhs:1saG4i:BqhNG_VCtVwQhVD0DWNMWjNepLifeyRRXn0EX3FQpPM','2024-08-17 14:49:40.838074'),('b91z82yk83vlnnz7stohyblxtnfzgbnk','.eJxVjDsOwjAQBe_iGlnrXz6U9JzBWu-uSQDZUpxUiLtDpBTQvpl5LxVxW6e4NVnizOqsTK9Ov2NCekjZCd-x3KqmWtZlTnpX9EGbvlaW5-Vw_w4mbNO3lhwswghJguuYfArgwFkhQfLO2cwZvBmpl9QNQ5fY9ASAAztgk4NX7w8XgThM:1sWgEN:VyuFsnOAk9GQmkdU-k-QcGoZDr7UKteMKcq6rFuwWPM','2024-08-07 17:56:51.408435'),('lfxxww24sk6fqbwn8mptkvo3vkt6mlgy','.eJxVjs0OgjAQhN-lZ9O4LRTq0TvPQHa3W8GfktDixfjuguGg1_lmvsxL9biUoV-yzP0Y1EkZdfjNCPkmaQPhiukyaZ5SmUfSW0XvNOtuCnI_790_wYB5WNdRmDGQ4wjIrmbkiKYRrDw4C0AEsa0AoDl6w2ScOPJiGyFfS91au0rH9JRcHpLK96l5fwBfPT8L:1sZC5s:XJdXHJ-FaXsfIf9J1lvguKn8RqoREqTWo7iF63nC-T8','2024-08-14 16:22:28.387648'),('q9nryhimp5chb7lpar0t5u15zbf30cqn','.eJxVjDsOwjAUBO_iGlkvtvGHkp4zWOsfDqBYipMKcXdkKQW0OzP7Zh77Vv3e8-rnxC5MKHb6HQPiMy-DpAeWe-OxLds6Bz4UftDOby3l1_Vw_w4qeh21nKCFC47IIhobyEGbaARBWm1AZ4dslSCloULRkwBEAclspyRLYJ8v8BE3vg:1saIS9:We9trdekp-omutXoiLzlOIIsGsOrGOLIN69XzByVX-I','2024-08-17 17:22:01.164188'),('1e9sumo84ysufh94sz4ncuq7fc83v4zv','.eJxVjMsOwiAUBf-FtSEXCwgu3fsN5D6oVA0kpV0Z_12bdKHbMzPnpRKuS0lrz3OaRJ2VierwOxLyI9eNyB3rrWludZkn0puid9r1tUl-Xnb376BgL98aQhQYCMRZEAIfTiZHb2kcMaNzEYJYQwxIkKPzRxEQtAxkeWC2pN4fCx84qQ:1sXNVV:Xhxwv8de-xtJIiiHYecuNqPjh_uZUtj8BLacsPvICg0','2024-08-09 16:09:25.717132'),('b6lwqsypntmvlm4zj64rsq2qi9v31aje','.eJxVjDkOwjAUBe_iGlmW4yWmpOcM1t-MA8iR4qRC3B0ipYD2zcx7qQzbWvPWZckTq7OyRp1-RwR6SNsJ36HdZk1zW5cJ9a7og3Z9nVmel8P9O6jQ67f2goGct5jIlTAYUyDamBAKR5AQPRaJcaTCNEIB8GQHEObkHTuLTr0_MZo5jA:1sXOId:tL-XLc1s42-HgvPJ5B95JMCXBL5prZ54rtfzD7ums5c','2024-08-09 17:00:11.165211'),('9uk3q6gtxvpu7ck6nkjr9avxprrwycd7','.eJxVjEEOwiAQRe_C2hAHChSX7nsGMjMMUjVtUtqV8e7apAvd_vfef6mE21rT1mRJY1YXZdTpdyPkh0w7yHecbrPmeVqXkfSu6IM2PcxZntfD_Tuo2Oq3LsKMmTwXQPaOkQuaINhF8BaACErfAUA4R8NkvHiKYoNQdOJ6a9X7AycLOLY:1sXahY:y6PtjqZvJQmWtNPbsPrivg5DUspPM4xQy88elgHUDvA','2024-08-10 06:14:44.462483'),('3ea5gjbnml6jr7892d88xt2emupksaf7','.eJxVjDEOwyAQBP9CHSEOG7BTpvcb0B0cwUkEkrGrKH-PLblIim12ZvctPG5r9lvjxc9RXAVYcfktCcOTy0HiA8u9ylDLuswkD0WetMmpRn7dTvfvIGPL-1qDtkEZY4NWbLQaXEBK0Ce0kagbie0eSGpUfVLQgbMDO3aYOoDkQHy--3I3xg:1sXh8F:If2_hhpVvVwbTZQSRGlmfaXNZEuBas-6pZmk-RnZU48','2024-08-10 13:06:43.018756'),('g2tlw9n2g6ymg9q3ee7qxmvq4a9yczf4','.eJxVjEEOwiAQRe_C2hAHChSX7nsGMjMMUjVtUtqV8e7apAvd_vfef6mE21rT1mRJY1YXZdTpdyPkh0w7yHecbrPmeVqXkfSu6IM2PcxZntfD_Tuo2Oq3LsKMmTwXQPaOkQuaINhF8BaACErfAUA4R8NkvHiKYoNQdOJ6a9X7AycLOLY:1sXhfZ:Pzbl3uWP3zc3UWHLN7zajCsdZ0qY0-qXWMFkPkKGTjc','2024-08-10 13:41:09.658074'),('gjaq8ure6n4r9an2js8wi8uov6ni2eu2','.eJxVjEEOwiAQRe_C2hAGgYJL9z0DmYFBqoYmpV0Z765NutDtf-_9l4i4rTVunZc4ZXERVpx-N8L04LaDfMd2m2Wa27pMJHdFHrTLcc78vB7u30HFXr_1oKCYbHJg8EEXPA-clMoK2Bam4A0pKtY5o9F7rUEjgLHBgjOKgrbi_QHZuTbb:1sY4ZI:x9PaFlB6EdnzN3RLc5Oec5m6hRbNd-n1ed5S1nhwP14','2024-08-11 14:08:12.796746'),('3q9wh83ay0cmaqk8j269dk0fxrc98b5y','.eJxVjE0OwiAYBe_C2hAglIJL956BfH9I1dCktCvj3bVJF7p9M_NeKsO21rx1WfLE6qy8Ov1uCPSQtgO-Q7vNmua2LhPqXdEH7fo6szwvh_t3UKHXby3FFss2oENyEsjZsSQymHwo0RNSomgkQhrQoGMQU8pgODry3iUY1fsDDFU4vw:1saIK6:6CNykez_Lcz6ibLCMVD4y-AUIBDTh8w-oE4N8NfQnuk','2024-08-17 17:13:42.081999'),('ug138vejh446gzdfgpqfux0c6bbqal93','.eJxVjDsOwyAQRO9CHSGD-aZM7zOgZVmCkwgkY1dR7h5bcpFUI817M28WYFtL2DotYU7syiy7_HYR8En1AOkB9d44trouc-SHwk_a-dQSvW6n-3dQoJd9PRqpCSDSgECjRbQofQYXDRijvfNOKzVkOXqT8x5CS-udIicEiIiGfb701je4:1sY6SX:kS3Gai84Tjs7YNCVXImLzdVPxFWg_U83ezyb5oa77J8','2024-08-11 16:09:21.034874'),('cqv4es8gn8gzd89h7qx4dmqi7njgfdaz','.eJxVjEEOwiAQRe_C2hAHChSX7nsGMjMMUjVtUtqV8e7apAvd_vfef6mE21rT1mRJY1YXZdTpdyPkh0w7yHecbrPmeVqXkfSu6IM2PcxZntfD_Tuo2Oq3LsKMmTwXQPaOkQuaINhF8BaACErfAUA4R8NkvHiKYoNQdOJ6a9X7AycLOLY:1sY6T4:Kr2xWsKOHVwYw8Sl-hmk6fByp1xZHINIj9pgEfMhwbg','2024-08-11 16:09:54.315084'),('khmt89l9516so3y5p8yf4d3jioy6xjn8','.eJxVjLEOwyAQQ_-FuUIBLiTXsXu-AQF3KWkrkEIyVf33EilDa8mLn-23cH7fktsrr24hcRVai8tvGHx8cj4IPXy-FxlL3tYlyKMiT1rlVIhft7P7d5B8TW09IgRDaCB2GHrUyMGCscDdgEgzxSZlwCKAAsU2DKz75pGUmgm9-HwB87s3wA:1sYL1e:t77DQ30sYEqBv5pFqH2rrfyR1sH40KW1c9zRYQjIalQ','2024-08-12 07:42:34.314920'),('0hgd5y1x71tuwa3ritci7dpo22wb5cla','.eJxVjr0OwyAQg9-FuUIcSSDp2L3PgO7gaNIfkALpUvXdm1QZ2sGL_dnySzhc6uiWwrObgjgKMOLwaxL6G6ctCVdMlyx9TnWeSG6I3NMizznw_bSzfwMjlnFta9DGq64zXivutOqtR4rQRjSBqBmIzSqIalBtVNCANT1bthgbgGhhHZ3Sk0t9cKrfq_r9ASLTPhs:1saVun:q-ZwNaAUzavEJjjdDL2FONmznmk2mHcEey2Y-GgQxH0','2024-08-18 07:44:29.137565'),('pubwiz60molh5mwkoylehkq2cxyzga7x','.eJxVjEEOwiAQRe_C2hCwUBiX7j0DGZhBqgaS0q6Md7dNutDtf-_9twi4LiWsnecwkbiI4SxOv2PE9OS6E3pgvTeZWl3mKcpdkQft8taIX9fD_Tso2MtWw8iE2hG7bHRUrEZW6Ch5Z13MDgxHbcAjAQ3GmA0CKPTZs_XaIojPFx6mOFQ:1saHgu:f5ely7j5w1FAG1qjAJLs8OC7-8FcGUBI_13C6NTTZZ8','2024-08-17 16:33:12.122329'),('gqd9c7yuuzdmh2i8ko6jd79ggyfnuon4','.eJxVjMEOwiAQRP-FsyEWSgCP3v0GwrK7UjWQlPZk_Hch6UGP897MvEWI-5bD3mgNC4qLUFqcfiHE9KQyDD5iuVeZatnWBeSoyMM2eatIr-vR_TvIseWxdlo5nrRlQDaeZu8mx0YlIOyGgM_YEVAkP6OLPVm2HTCQcV6LzxcjODjy:1sYPz0:Ht3Ju8ZYa44ucrIftcvR8-o3kDBgXtb1xFHPtgNbCIc','2024-08-12 13:00:10.250311'),('5hsq634jmiejgzh54qcqvi78n82rp960','.eJxVjDsOwjAUBO_iGlkvtvGHkp4zWOsfDqBYipMKcXdkKQW0OzP7Zh77Vv3e8-rnxC5MKHb6HQPiMy-DpAeWe-OxLds6Bz4UftDOby3l1_Vw_w4qeh21nKCFC47IIhobyEGbaARBWm1AZ4dslSCloULRkwBEAclspyRLYJ8v8BE3vg:1sYQCY:GoS87UH873E0NYZ-WBlxLN84ynm9Np85uw2tJFbPUeA','2024-08-12 13:14:10.801514'),('ivzump1y2gwqpx8gbewh2jg9je7foo4i','.eJxVjMsOwiAQRf-FtSFQOjxcuu83kGEYpWogKe3K-O_apAvd3nPOfYmI21ri1nmJcxZnYbQ4_Y4J6cF1J_mO9dYktbouc5K7Ig_a5dQyPy-H-3dQsJdvbfOIAI6vnMiaAcLIlAJ4NdoEkIJR4LUfSAe2ChwYtsSKDXJwQZMS7w_9ODeI:1saH9A:dYQwP1W1gPwytfaujkaNe6Szgzl0jkIVOqkA7dzXfU4','2024-08-17 15:58:20.123327'),('wa53h7gk42pio00yh9qz21db17i0uubs','.eJxVjEEOwiAQRe_C2hA6FAdcuu8ZyMCAVA0kpV0Z765NutDtf-_9l_C0rcVvPS1-ZnERYMTpdwwUH6nuhO9Ub03GVtdlDnJX5EG7nBqn5_Vw_w4K9fKtY7BsLFrCTEDmDDSSMW5k1pBUCJkyDaNLSpPO7JxWiMgwIILKAZx4fwAfyDg4:1sYfdo:lrCb19RuzsC4uBMzr_lZngnY7iipdnoNGThNseATHD0','2024-08-13 05:43:20.456075'),('jg2fv91n2ztcwvncc3ntnfmt5gt8b0sj','.eJxVjEsOAiEQBe_C2hBooQWX7j0DaT4towaS-ayMd1eSWej2VdV7iUDbWsO2lDlMWZwFaHH4HSOlR2mD5Du1W5ept3WeohyK3Okirz2X52V3_w4qLXXUWoGz0ZukAL2xVqFxfLJECWP2xXlLrFglz6iBmckb4PhN8IgFQLw_8jo35g:1saHW1:NNt7cRQeD-1fvFUuDziOty_W81nO1kNd6Jc1h3OyRNI','2024-08-17 16:21:57.248152'),('gauj7zz0rbkpfbdhpjy84tbfyv2uubo8','.eJxVjDsOwjAQBe_iGlnxZ3dtSvqcwVp_wAHkSHFSIe4OkVJA-2bmvUTgba1h62UJUxZnoVGcfsfI6VHaTvKd222WaW7rMkW5K_KgXY5zLs_L4f4dVO71W0dgcsYMhRJZFQE8G18UKkB0V6Lok8U0IBqwKmvtMlgAJM9WKWdJvD_bGDZD:1sZG0c:q4sqUZK_nyYy8nPsi3Lg0O6LjmkVeDP3M2l6zR0fzQA','2024-08-14 20:33:18.929043'),('t84bg1sbmr6q68xvp2a14uah070u1env','.eJxVjEEOwiAQRe_C2hAYYAIu3XsGMjAgVUOT0q6Md9cmXej2v_f-S0Ta1ha3UZY4sTgL8OL0OybKj9J3wnfqt1nmua_LlOSuyIMOeZ25PC-H-3fQaLRvbQMZC8YjVusAFShgXThVQ64qguysN2S1ryFU5ErssWjglJVHAyjeH-2wN6c:1sZQe7:E1D9mmWqdQuh3qbOxHFWckHOAcBY0gd483qwzxbgIjE','2024-08-15 07:54:47.421376'),('oh6w7xk97om4yleajactvyirbyj21x3q','.eJxVjEEOwiAQRe_C2hAYYAIu3XsGMjAgVUOT0q6Md9cmXej2v_f-S0Ta1ha3UZY4sTgL8OL0OybKj9J3wnfqt1nmua_LlOSuyIMOeZ25PC-H-3fQaLRvbQMZC8YjVusAFShgXThVQ64qguysN2S1ryFU5ErssWjglJVHAyjeH-2wN6c:1sZQzb:bRQXWZA87VfbWx68_lydncR_-B3HI6XdNLNx6RTXifI','2024-08-15 08:16:59.310257'),('lmfl44p69twtm1i2833arwywgramlsit','.eJxVjjsOwjAQRO_iGlnO2lk5lPScIVp71yR8HCl2aBB3J0EpoJ038zQv1dNSh34pMvcjq6MCrw6_YaB4k7wRvlK-TDpOuc5j0FtF77To88RyP-3dP8FAZVjXriPrwHrE5FpAAwa4EQ7JUpsMQWydt-Qan7ouISdij9IAh2g8WsBVOuanlPqQXL9X4f0BEuM9_A:1saUX1:zr_eDtHN50y5Cr98_iAneaURM9SpvE1D95crpQ5StIg','2024-08-18 06:15:51.244524'),('8st2zxz23mupjwo8spdpjrwh8c2chdnv','.eJxVjEEOwiAQRe_C2hAYYMi4dO8ZCDAoVQNJaVeNd9cmXej2v_f-JkJclxrWUeYwsTgLIHH6HVPMz9J2wo_Y7l3m3pZ5SnJX5EGHvHYur8vh_h3UOOq3vlki9MkiKFeYwXPOmcCwRo_FWfLGaA9AnKwxDshFRaAQXSKrIYr3B-mlNpo:1sZrCf:uTcLb_A1dUzJseedT7s_6Nr04TVBGARl6G0DuWX1Mdg','2024-08-16 12:16:13.703381'),('je8n7pywy8a2nwwibp0mndl6vne94kd1','.eJxVjEEOwiAQRe_C2hBamDK4dN8zkIEBqRqalHZlvLtt0oVu33v_v4WnbS1-a2nxE4ur0EpcfmGg-Ez1MPygep9lnOu6TEEeiTxtk-PM6XU727-DQq3sa4uKMkAyRBCz5RCNRqUcAPQ9YoeanEkOh2BDHzh1DnWEwTEPOe9IfL7-Pzfy:1sa9ti:9z_rBihah9hmUEalUGWpaO710zseSyaAcq_-45ZTyQA','2024-08-17 08:13:54.776068'),('8x34ktfeojjg4yne35bvr19v44s3ka6l','.eJxVjssOgjAURP-la9O0lFuoS_d8A2lvR8FHSWhxY_x3wbDQ7ZyZk3mJ3i9l6JeMuR-jOAqjxeE3DJ5vSBuJV58uk-QplXkMcqvInWbZTRH30979Eww-D-vaxtoTNTgjsDUVuRocHLWqtoEoOKOo1W3F2sEqasjAMhSMh2ucZrVKx_RELg-k8r1avT8gPT3d:1saHFB:jRLvFYQzmvY1jhSi-L5oabkFWBajS1LkEe7T5Gsv75w','2024-08-17 16:04:33.107829'),('ns3pu8cn0jp4huwoeodh70jwbthf81iy','.eJxVjMsOwiAQRf-FtSEM01Jw6d5vaGZgkKqhSR8r478rSRe6veec-1Ij7VsZ91WWcUrqrNCp0-_IFB9SG0l3qrdZx7luy8S6Kfqgq77OSZ6Xw_07KLSWVnvqnRPEjpl9HsR3GCkEAHCM1hmxZAhzP7BxmIUMCISvnaE3Ala9PwgrN78:1saJCj:OpPL8fBz1lxK_yBTkJxuT08u8PZlu2MSMuPz05fDues','2024-08-17 18:10:09.881595'),('t26xf8au6nqlwzsdoak4ywpw2qha7c6i','.eJxVjEEOwiAQRe_C2hCwUBiX7j0DGZhBqgaS0q6Md7dNutDtf-_9twi4LiWsnecwkbiI4SxOv2PE9OS6E3pgvTeZWl3mKcpdkQft8taIX9fD_Tso2MtWw8iE2hG7bHRUrEZW6Ch5Z13MDgxHbcAjAQ3GmA0CKPTZs_XaIojPFx6mOFQ:1saHVP:A9LwpVhnvqRSkORSUqu2OhabqjfKTd7-L9Lvdk8PAyk','2024-08-17 16:21:19.667301'),('rxfzkjpfhhp36bmqshknzlm2e5gaipz4','.eJxVjMsOwiAQRf-FtSEOUBhcuu83kBkeUjU0Ke3K-O_apAvd3nPOfYlA21rD1vMSpiQuQmtx-h2Z4iO3naQ7tdss49zWZWK5K_KgXY5zys_r4f4dVOr1WyMi6MGZlDXpEj3azDQocIYgRZ2AMntnECICg2K0BQmtL9Ywn50S7w8BQTfj:1saHW3:y7D5xpzHUoVXzUSDNcrqJkXapMJzR2LS0e7BKR_qsQY','2024-08-17 16:21:59.176654'),('5xzh3d1q7hbou3ljb3ksmr4mjm7a85vp','.eJxVjEEOwiAQRe_C2hCwUBiX7j0DGZhBqgaS0q6Md7dNutDtf-_9twi4LiWsnecwkbiI4SxOv2PE9OS6E3pgvTeZWl3mKcpdkQft8taIX9fD_Tso2MtWw8iE2hG7bHRUrEZW6Ch5Z13MDgxHbcAjAQ3GmA0CKPTZs_XaIojPFx6mOFQ:1saHXu:2BEff8HipQd81-uljWtQB2VOKL6N87pGG-8SZ7kCOwQ','2024-08-17 16:23:54.190048'),('5hsk1ybs2x5uyhru0saius5qp9l4xbf2','.eJxVjEEOwiAQRe_C2hCwUBiX7j0DGZhBqgaS0q6Md7dNutDtf-_9twi4LiWsnecwkbiI4SxOv2PE9OS6E3pgvTeZWl3mKcpdkQft8taIX9fD_Tso2MtWw8iE2hG7bHRUrEZW6Ch5Z13MDgxHbcAjAQ3GmA0CKPTZs_XaIojPFx6mOFQ:1saHk1:AHG-6-j9y_wfK_hueQmqmj4ajF5B6kzi5-SehgHSSDQ','2024-08-17 16:36:25.654102'),('1f93ajaom8xtbgyu2u2bwsq6294htrot','.eJxVjEsOAiEQBe_C2hBooQWX7j0DaT4towaS-ayMd1eSWej2VdV7iUDbWsO2lDlMWZwFaHH4HSOlR2mD5Du1W5ept3WeohyK3Okirz2X52V3_w4qLXXUWoGz0ZukAL2xVqFxfLJECWP2xXlLrFglz6iBmckb4PhN8IgFQLw_8jo35g:1saHZM:zwY5y0AgLfmVTyVz15j-0MMWw_Era5nTH8ndb6qTDc4','2024-08-17 16:25:24.764687'),('xrtz3omh7wi8gv0ufjhulajhynl8iz3i','.eJxVjEEOwiAQRe_C2hCwUBiX7j0DGZhBqgaS0q6Md7dNutDtf-_9twi4LiWsnecwkbiI4SxOv2PE9OS6E3pgvTeZWl3mKcpdkQft8taIX9fD_Tso2MtWw8iE2hG7bHRUrEZW6Ch5Z13MDgxHbcAjAQ3GmA0CKPTZs_XaIojPFx6mOFQ:1saHk0:iHKhIO3pKelp59iDSlCsC-3fCTLRW3lblm41eBpspFo','2024-08-17 16:36:24.581238'),('qv4zl8g0po8eyi3zivuant1x0lmyid2t','.eJxVjMsOwiAQRf-FtSFQOjxcuu83kGEYpWogKe3K-O_apAvd3nPOfYmI21ri1nmJcxZnYbQ4_Y4J6cF1J_mO9dYktbouc5K7Ig_a5dQyPy-H-3dQsJdvbfOIAI6vnMiaAcLIlAJ4NdoEkIJR4LUfSAe2ChwYtsSKDXJwQZMS7w_9ODeI:1saHyn:XBobeWnImDys8U1frywombm5V51m1AYmgxZZ7RD_EsY','2024-08-17 16:51:41.244479'),('j3xtd5f5mi3cfufcyc10je7vwfwcjzi1','.eJxVjMsOwiAQRf-FtSEOUBhcuu83kBkeUjU0Ke3K-O_apAvd3nPOfYlA21rD1vMSpiQuQmtx-h2Z4iO3naQ7tdss49zWZWK5K_KgXY5zys_r4f4dVOr1WyMi6MGZlDXpEj3azDQocIYgRZ2AMntnECICg2K0BQmtL9Ywn50S7w8BQTfj:1saIdD:kt3EktWN6eYdKd-GBosaig8Puioe2kDUUzmvWstcYBM','2024-08-17 17:33:27.051905'),('n511i1abettzqu3pjftyj747ed89linw','.eJxVjEEOwiAQRe_C2hAYYAIu3XsGMjAgVUOT0q6Md9cmXej2v_f-S0Ta1ha3UZY4sTgL8OL0OybKj9J3wnfqt1nmua_LlOSuyIMOeZ25PC-H-3fQaLRvbQMZC8YjVusAFShgXThVQ64qguysN2S1ryFU5ErssWjglJVHAyjeH-2wN6c:1saIib:QNyGCLKdkJMjhnvOsAIuSp6Zjv30Rp8LMNGwE65yQ6g','2024-08-17 17:39:01.654955'),('1bs4d1jpoarpeafsbdl7w72soum4l8im','.eJxVjEEOwiAQRe_C2pAZGaW4dN8zkAEGqRpISrsy3l2bdKHb_977L-V5XYpfu8x-SuqijFWH3zFwfEjdSLpzvTUdW13mKehN0TvtemxJntfd_Tso3Mu3RkQRk9GaNAhQjiYwAScyiER0dGhAMjpOZxsQcyQLTnIGNyDDCdT7A_01N4k:1saKkT:5aU7EAPQA_imkFdy2uzgf1j4N7Dw8o34K5uckNp7YPw','2024-08-17 19:49:05.598375'),('i2o5e6h7xx2skjbv97knb0e37t6pu1fg','.eJxVjDsOwjAQBe_iGln-Z01Jzxms9XqDA8iR4qRC3B0ipYD2zcx7iYTbWtPWeUlTEWdhnTj9jhnpwW0n5Y7tNkua27pMWe6KPGiX17nw83K4fwcVe_3WTGBCGbNWwJCN9cUGF5VxYyZvvCdAzpZJMQ5eg440QNDGxEIMFpV4fwAPFDgG:1saIwZ:3ZU6Z52ZltOmoomQX3Aj8I-0y4SA0YqyedcNMKuBAzs','2024-08-17 17:53:27.398386'),('co61hhu1y6y625r55scewm83m52lg8xy','.eJxVjMsOwiAQRf-FtSHlDS7d-w0EZhipGkhKuzL-uzbpQrf3nHNfLKZtrXEbZYkzsjNThp1-x5zgUdpO8J7arXPobV3mzHeFH3Twa8fyvBzu30FNo35rcsGRTFoEcAaVkQH1VKzJxWqrPGhThPWE6JwkL0DYHCYSKgkgDc6z9wf6IDfF:1saIzZ:4C0TkrmeJiIeWKArSNlTQMQqLX0EhOCn1NkiHKqq0Zk','2024-08-17 17:56:33.598471'),('fog397ilewdotesdamrilu5t5dayb4rq','.eJxVjEEOwiAQAP_C2RBoAReP3n0DWXZBqgaS0p6MfzckPeh1ZjJvEXDfSth7WsPC4iJmEKdfGJGeqQ7DD6z3JqnVbV2iHIk8bJe3xul1Pdq_QcFexledjXOGPYFSkQn8lJWFaDSjN6RBOUCOmTJhMpA9sCGetLVazwm1-HwBAv44OQ:1saQZn:jeLsgLNAJgj5zhSaoCVuGECMSOykME3nDzZye8Slxwg','2024-08-18 02:02:27.128437'),('7aau02qmecm1vh5insoy802bv6ohx3d5','.eJxVjjsOwjAQRO_iGln-bmJKes4Qrb0OMR9bih0axN1JUAqYcubNaF5swKVNw1LjPCRiR6YdO_yaHsMt5i2hK-ZL4aHkNifPN4TvaeXnQvF-2tm_gQnrtLYVgfKGQhQyOEv9iA66AGoUwojRy0AWrESLwoPQmnzvTLfKaLS9he1Vys9Y2yPm9r2q3h8xhT3T:1saSW0:OkoyAsveIdtJHhQnWiFVd7xfVNwojAAWoa3EbgwEtEA','2024-08-18 04:06:40.423195'),('0yegi83vxuvqjkgsvlesfewdwvlkxuej','.eJxVjssOwiAURP-FtSFAKQ-X7v2G5rYMUh80KdSN8d9tTRe6nTNzMi_W0VJTtxTM3RjYkWnBDr9hT8MNeSPhSvky8WHKdR57vlX4Tgs_TwH30979EyQqaV3baOADTC-UgG6stdCuVZ7aARI-GteQcp6CjRSFQ2OksaAI6Y1WLVbpmJ8o9YFcv1fV-wM56z6B:1saSkT:DuiwBOfKafYleaSF5CRQJlfU9QofgHikbxbOw1E2oBg','2024-08-18 04:21:37.861197'),('uvywdk30f4pjmt3c0gkb9nwamigkvbay','.eJxVjjsOwjAQRO_iGlk46w-hpOcM0a53Q8LHlmKHBnF3EpQC2nkzT_NSHc516OYiUzeyOipr1O43JIw3SSvhK6ZL1jGnOo2k14reaNHnzHI_bd0_wYBlWNZAB4PogpATJmBPjIYosnFN6zBY3xq7h4Z7ABdsZGe8CT2Q78H7AIt0TE8p9SGpfq827w9Mkj5P:1saTSH:36Iqs8U2LKo9EjTD_H6HymQRFdKPAWnfEvdRr9pssTA','2024-08-18 05:06:53.429977'),('c1c9ps2myf547exme9p4yaeyci6vhm0b','.eJxVjEEOwiAQRe_C2pAZGaW4dN8zkAEGqRpISrsy3l2bdKHb_977L-V5XYpfu8x-SuqijFWH3zFwfEjdSLpzvTUdW13mKehN0TvtemxJntfd_Tso3Mu3RkQRk9GaNAhQjiYwAScyiER0dGhAMjpOZxsQcyQLTnIGNyDDCdT7A_01N4k:1saWiA:mxwqOPxlBT3NFRpdCuD691xI7UJ6cUU9itQ2a_6wCuA','2024-08-18 08:35:30.289351');
/*!40000 ALTER TABLE `django_session` ENABLE KEYS */;
UNLOCK TABLES;

--
-- Table structure for table `investmentforfund`
--

DROP TABLE IF EXISTS `investmentforfund`;
/*!40101 SET @saved_cs_client     = @@character_set_client */;
/*!50503 SET character_set_client = utf8mb4 */;
CREATE TABLE `investmentforfund` (
  `id` bigint NOT NULL AUTO_INCREMENT,
  `cus_id` int NOT NULL,
  `amount` decimal(10,2) NOT NULL,
  `created_at` datetime(6) NOT NULL,
  `invested_at` int NOT NULL,
  `end_date` datetime(6) NOT NULL,
  `last_credit_date` datetime(6) DEFAULT NULL,
  PRIMARY KEY (`id`)
) ENGINE=InnoDB AUTO_INCREMENT=99 DEFAULT CHARSET=utf8mb4 COLLATE=utf8mb4_0900_ai_ci;
/*!40101 SET character_set_client = @saved_cs_client */;

--
-- Dumping data for table `investmentforfund`
--

LOCK TABLES `investmentforfund` WRITE;
/*!40000 ALTER TABLE `investmentforfund` DISABLE KEYS */;
INSERT INTO `investmentforfund` VALUES (60,16,50.00,'2024-08-02 16:26:35.929006',6,'2024-11-10 16:26:35.928771',NULL),(61,16,100.00,'2024-08-02 16:26:46.807169',6,'2024-11-10 16:26:46.806910',NULL),(62,16,200.00,'2024-08-02 16:34:36.288456',6,'2024-11-10 16:34:36.288115',NULL),(63,16,100.00,'2024-08-03 13:35:43.762865',6,'2024-11-11 13:35:43.762534',NULL),(64,16,100.00,'2024-08-03 13:38:48.532046',6,'2024-11-11 13:38:48.531838',NULL),(65,16,100.00,'2024-08-03 13:39:41.545517',6,'2024-11-11 13:39:41.545367',NULL),(66,16,100.00,'2024-08-03 13:40:56.015060',6,'2024-11-11 13:40:56.014790',NULL),(67,16,100.00,'2024-08-03 13:42:49.909280',6,'2024-11-11 13:42:49.909070',NULL),(68,16,100.00,'2024-08-03 13:43:14.405278',6,'2024-11-11 13:43:14.405038',NULL),(69,16,100.00,'2024-08-03 13:59:38.242967',6,'2024-11-11 13:59:38.242715',NULL),(70,16,100.00,'2024-08-03 14:00:52.862045',6,'2024-11-11 14:00:52.861774',NULL),(71,16,100.00,'2024-08-03 14:02:45.086546',6,'2024-11-11 14:02:45.086263',NULL),(72,16,100.00,'2024-08-03 14:03:55.092052',6,'2024-11-11 14:03:55.091816',NULL),(73,16,100.00,'2024-08-03 14:16:14.058793',6,'2024-11-11 14:16:14.058543',NULL),(74,16,100.00,'2024-08-03 14:19:15.733843',6,'2024-11-11 14:19:15.733579',NULL),(75,16,100.00,'2024-08-03 14:20:30.527008',6,'2024-11-11 14:20:30.526712',NULL),(76,16,100.00,'2024-08-03 14:20:35.730630',6,'2024-11-11 14:20:35.730401',NULL),(77,16,100.00,'2024-08-03 14:20:43.022823',6,'2024-11-11 14:20:43.022657',NULL),(78,16,100.00,'2024-08-03 14:20:50.123106',6,'2024-11-11 14:20:50.122889',NULL),(79,16,100.00,'2024-08-03 14:21:14.297530',6,'2024-11-11 14:21:14.297207',NULL),(80,16,100.00,'2024-08-03 14:21:52.524667',6,'2024-11-11 14:21:52.524402',NULL),(81,16,100.00,'2024-08-03 14:23:42.486994',6,'2024-11-11 14:23:42.486788',NULL),(82,16,100.00,'2024-08-03 14:26:02.877363',6,'2024-11-11 14:26:02.877002',NULL),(83,16,100.00,'2024-08-03 14:26:07.435723',6,'2024-11-11 14:26:07.435436',NULL),(84,16,100.00,'2024-08-03 14:26:30.829016',6,'2024-11-11 14:26:30.828793',NULL),(85,16,100.00,'2024-08-03 14:26:32.521094',6,'2024-11-11 14:26:32.520778',NULL),(86,16,100.00,'2024-08-03 14:30:49.267804',6,'2024-11-11 14:30:49.267552',NULL),(87,16,100.00,'2024-08-03 14:35:29.117565',6,'2024-11-11 14:35:29.117354',NULL),(88,16,100.00,'2024-08-03 14:36:29.232413',6,'2024-11-11 14:36:29.232229',NULL),(89,16,100.00,'2024-08-03 14:37:03.193171',6,'2024-11-11 14:37:03.192924',NULL),(90,16,100.00,'2024-08-03 14:37:42.327362',6,'2024-11-11 14:37:42.327134',NULL),(91,16,100.00,'2024-08-03 14:39:35.285526',6,'2024-11-11 14:39:35.285316',NULL),(92,16,100.00,'2024-08-03 14:41:56.099552',6,'2024-11-11 14:41:56.099153',NULL),(93,16,100.00,'2024-08-03 14:43:52.323238',6,'2024-11-11 14:43:52.322890',NULL),(94,16,100.00,'2024-08-03 14:45:40.116852',6,'2024-11-11 14:45:40.116653','2024-08-03 17:02:00.361759'),(95,16,100.00,'2024-08-03 14:49:45.905831',6,'2024-11-11 14:49:45.905553','2024-08-03 17:02:00.379150'),(96,31,100.00,'2024-08-03 16:04:39.904286',6,'2024-11-11 16:04:39.903171','2024-08-03 17:02:00.401411'),(97,41,100.00,'2024-08-04 05:03:35.870543',6,'2024-11-12 05:03:35.867584',NULL),(98,28,50.00,'2024-08-04 06:16:09.431967',6,'2024-11-12 06:16:09.431376',NULL);
/*!40000 ALTER TABLE `investmentforfund` ENABLE KEYS */;
UNLOCK TABLES;

--
-- Table structure for table `neurovart_applyforfund`
--

DROP TABLE IF EXISTS `neurovart_applyforfund`;
/*!40101 SET @saved_cs_client     = @@character_set_client */;
/*!50503 SET character_set_client = utf8mb4 */;
CREATE TABLE `neurovart_applyforfund` (
  `id` bigint NOT NULL AUTO_INCREMENT,
  `full_name` varchar(100) NOT NULL,
  `country_code` varchar(10) NOT NULL,
  `whatsapp_no` varchar(15) NOT NULL,
  `email` varchar(254) NOT NULL,
  `residential_address` longtext NOT NULL,
  `investment_amount` decimal(10,2) NOT NULL,
  `commission_percentage` decimal(5,2) NOT NULL,
  `risk_ratio` decimal(5,2) NOT NULL,
  `id_upload` varchar(100) NOT NULL,
  `performance_link` varchar(200) NOT NULL,
  `terms` tinyint(1) NOT NULL,
  `cus_id` int NOT NULL,
  PRIMARY KEY (`id`)
) ENGINE=InnoDB AUTO_INCREMENT=7 DEFAULT CHARSET=utf8mb4 COLLATE=utf8mb4_0900_ai_ci;
/*!40101 SET character_set_client = @saved_cs_client */;

--
-- Dumping data for table `neurovart_applyforfund`
--

LOCK TABLES `neurovart_applyforfund` WRITE;
/*!40000 ALTER TABLE `neurovart_applyforfund` DISABLE KEYS */;
INSERT INTO `neurovart_applyforfund` VALUES (6,'Exness','+91','7864036479','neurovart@gmail.com','Neurovart',5000.00,30.00,100.00,'uploads/Screenshot_20240728_173100.jpg','https://neurovart.com/user/create-investment',1,2);
/*!40000 ALTER TABLE `neurovart_applyforfund` ENABLE KEYS */;
UNLOCK TABLES;

--
-- Table structure for table `payments`
--

DROP TABLE IF EXISTS `payments`;
/*!40101 SET @saved_cs_client     = @@character_set_client */;
/*!50503 SET character_set_client = utf8mb4 */;
CREATE TABLE `payments` (
  `id` bigint NOT NULL AUTO_INCREMENT,
  `cus_id` int NOT NULL,
  `order_id` varchar(155) CHARACTER SET utf8mb4 COLLATE utf8mb4_0900_ai_ci DEFAULT NULL,
  `amount` decimal(10,2) NOT NULL,
  `gateway` varchar(50) DEFAULT NULL,
  `status` varchar(25) NOT NULL,
  `response` longtext,
  `created_at` datetime(6) NOT NULL,
  `updated_at` datetime(6) NOT NULL,
  `deleted_at` datetime(6) DEFAULT NULL,
  `remark_admin` varchar(255) DEFAULT NULL,
  `transaction_id` varchar(100) DEFAULT NULL,
  PRIMARY KEY (`id`)
) ENGINE=MyISAM AUTO_INCREMENT=37 DEFAULT CHARSET=utf8mb4 COLLATE=utf8mb4_0900_ai_ci;
/*!40101 SET character_set_client = @saved_cs_client */;

--
-- Dumping data for table `payments`
--

LOCK TABLES `payments` WRITE;
/*!40000 ALTER TABLE `payments` DISABLE KEYS */;
INSERT INTO `payments` VALUES (1,2,'CRYPTO1',100.00,'CRYPTO_GATEWAY','SUCCESS',NULL,'2024-07-22 13:48:51.248507','2024-07-22 13:48:51.350731',NULL,NULL,NULL),(2,3,'CRYPTO2',100.00,'CRYPTO_GATEWAY','SUCCESS',NULL,'2024-07-22 13:55:21.126293','2024-07-22 13:55:21.195075',NULL,NULL,NULL),(3,4,'CRYPTO3',100.00,'CRYPTO_GATEWAY','SUCCESS',NULL,'2024-07-22 13:58:04.763593','2024-07-22 13:58:04.868860',NULL,NULL,NULL),(4,5,'CRYPTO4',100.00,'CRYPTO_GATEWAY','SUCCESS',NULL,'2024-07-22 14:00:51.853569','2024-07-22 14:00:51.923989',NULL,NULL,NULL),(5,6,'CRYPTO5',100.00,'CRYPTO_GATEWAY','SUCCESS',NULL,'2024-07-22 14:04:13.632147','2024-07-22 14:04:13.714401',NULL,NULL,NULL),(6,7,'CRYPTO6',100.00,'CRYPTO_GATEWAY','SUCCESS',NULL,'2024-07-22 14:06:12.484351','2024-07-22 14:06:12.554717',NULL,NULL,NULL),(7,13,'CRYPTO7',10.00,'CRYPTO_GATEWAY','PENDING',NULL,'2024-07-23 05:55:04.706354','2024-07-23 05:55:04.718626',NULL,NULL,NULL),(8,13,'CRYPTO8',100.00,'CRYPTO_GATEWAY','PENDING',NULL,'2024-07-23 05:57:53.783042','2024-07-23 05:57:53.789756',NULL,NULL,NULL),(9,13,'CRYPTO9',10.00,'CRYPTO_GATEWAY','PENDING',NULL,'2024-07-23 06:13:46.653551','2024-07-23 06:13:46.661686',NULL,NULL,NULL),(10,14,'CRYPTO10',10.00,'CRYPTO_GATEWAY','PENDING',NULL,'2024-07-23 07:16:54.642481','2024-07-23 07:16:54.648001',NULL,NULL,NULL),(11,18,'CRYPTO11',100.00,'CRYPTO_GATEWAY','PENDING',NULL,'2024-07-25 18:09:15.000613','2024-07-25 18:09:15.019009',NULL,NULL,NULL),(12,20,'CRYPTO12',10.00,'CRYPTO_GATEWAY','PENDING',NULL,'2024-07-26 17:01:16.387374','2024-07-26 17:01:16.393314',NULL,NULL,NULL),(13,21,'CRYPTO13',100.00,'CRYPTO_GATEWAY','PENDING',NULL,'2024-07-28 20:38:17.665538','2024-07-28 20:38:17.676297',NULL,NULL,NULL),(14,21,'CRYPTO14',100.00,'CRYPTO_GATEWAY','PENDING',NULL,'2024-07-30 17:33:02.641611','2024-07-30 17:33:02.651246',NULL,NULL,NULL),(15,21,'CRYPTO15',100.00,'CRYPTO_GATEWAY','PENDING',NULL,'2024-07-30 17:33:47.602664','2024-07-30 17:33:47.609706',NULL,NULL,NULL),(16,21,'CRYPTO16',100.00,'CRYPTO_GATEWAY','PENDING',NULL,'2024-07-30 17:34:26.386385','2024-07-30 17:34:26.392436',NULL,NULL,NULL),(17,29,'CRYPTO17',100.00,'CRYPTO_GATEWAY','PENDING',NULL,'2024-08-02 12:18:29.350265','2024-08-02 12:18:29.438573',NULL,NULL,NULL),(18,31,'CRYPTO18',100.00,'CRYPTO_GATEWAY','PENDING',NULL,'2024-08-03 15:39:33.408121','2024-08-03 15:39:33.417320',NULL,NULL,NULL),(19,31,'CRYPTO19',100.00,'CRYPTO_GATEWAY','PENDING',NULL,'2024-08-03 15:58:43.821629','2024-08-03 15:58:43.832943',NULL,NULL,NULL),(20,31,'CRYPTO20',100.00,'CRYPTO_GATEWAY','PENDING',NULL,'2024-08-03 16:26:03.122775','2024-08-03 16:26:03.129909',NULL,NULL,NULL),(21,31,'CRYPTO21',100.00,'CRYPTO_GATEWAY','PENDING',NULL,'2024-08-03 16:27:31.852841','2024-08-03 16:27:31.860403',NULL,NULL,NULL),(22,32,'CRYPTO22',100.00,'CRYPTO_GATEWAY','PENDING',NULL,'2024-08-03 16:33:31.555067','2024-08-03 16:33:31.560158',NULL,NULL,NULL),(23,31,'CRYPTO23',100.00,'CRYPTO_GATEWAY','SUCCESS','{\'payment_mode\': \'Binance\', \'userId\': \'31\', \'transaction_ID\': \'0xbc1a94c6df5dff47ff7d1c4332aa38a74db0745b63734e3dbbae13ceab1524bc\', \'user_address\': \'0xbd612a3f30dca67bf60a39fd0d35e39b7ab80774\', \'datetime\': \'2024-08-03 15:44:59\', \'paymentId\': \'41043970\', \'amount\': \'100.000\', \'usd_amount\': \'99.878 USD\', \'payment_state\': \'Complete\', \'order_id\': \'CRYPTO23\', \'status\': True}','2024-08-03 16:51:50.741264','2024-08-03 16:52:48.748155',NULL,NULL,NULL),(24,21,'CRYPTO24',100.00,'CRYPTO_GATEWAY','PENDING',NULL,'2024-08-03 16:56:35.867029','2024-08-03 16:56:35.875442',NULL,NULL,NULL),(25,32,'CRYPTO25',100.00,'CRYPTO_GATEWAY','SUCCESS','{\'payment_mode\': \'Binance\', \'userId\': \'32\', \'transaction_ID\': \'0x732788ec2b61dfec0593743824cd917fbf103649489bc01a6d06c4cc632b20e1\', \'user_address\': \'0x8894e0a0c962cb723c1976a4421c95949be2d4e3\', \'datetime\': \'2024-08-03 16:35:30\', \'paymentId\': \'41044977\', \'amount\': \'100.000\', \'usd_amount\': \'100.000 USD\', \'payment_state\': \'Complete\', \'order_id\': \'CRYPTO25\', \'status\': True}','2024-08-03 16:57:40.942825','2024-08-03 16:59:04.269566',NULL,NULL,NULL),(26,21,'CRYPTO26',100.00,'CRYPTO_GATEWAY','SUCCESS','{\'payment_mode\': \'Binance\', \'userId\': \'21\', \'transaction_ID\': \'0xb8457d51a171d50626d96178ad59a2e1ceb742ea9a999ff1708ffbd120241d19\', \'user_address\': \'0xe2fc31f816a9b94326492132018c3aecc4a93ae1\', \'datetime\': \'2024-08-03 17:05:10\', \'paymentId\': \'41045566\', \'amount\': \'100.000\', \'usd_amount\': \'100.000 USD\', \'payment_state\': \'Complete\', \'order_id\': \'CRYPTO26\', \'status\': True}','2024-08-03 16:57:41.818361','2024-08-03 17:06:10.197124',NULL,NULL,NULL),(27,24,'CRYPTO27',100.00,'CRYPTO_GATEWAY','SUCCESS','{\'payment_mode\': \'Binance\', \'userId\': \'24\', \'transaction_ID\': \'0xd3972da3d68140c6a5db84ddc72058d2364488b02d21863450a6ad433132163d\', \'user_address\': \'0xeb2d2f1b8c558a40207669291fda468e50c8a0bb\', \'datetime\': \'2024-08-03 17:27:00\', \'paymentId\': \'41046002\', \'amount\': \'100.000\', \'usd_amount\': \'99.946 USD\', \'payment_state\': \'Complete\', \'order_id\': \'CRYPTO27\', \'status\': True}','2024-08-03 17:31:29.760618','2024-08-03 17:31:56.869846',NULL,NULL,NULL),(28,28,'CRYPTO28',100.00,'CRYPTO_GATEWAY','SUCCESS','{\'payment_mode\': \'Binance\', \'userId\': \'28\', \'transaction_ID\': \'0x2ee14e6ead60ae19c9b4f41de061c5a95e1f413685354f215dd0aa88b216f2e9\', \'user_address\': \'0xbd612a3f30dca67bf60a39fd0d35e39b7ab80774\', \'datetime\': \'2024-08-03 17:42:57\', \'paymentId\': \'41046320\', \'amount\': \'100.000\', \'usd_amount\': \'99.861 USD\', \'payment_state\': \'Complete\', \'order_id\': \'CRYPTO28\', \'status\': True}','2024-08-03 17:43:56.985541','2024-08-03 17:44:37.744446',NULL,NULL,NULL),(29,34,'CRYPTO29',100.00,'CRYPTO_GATEWAY','SUCCESS','{\'payment_mode\': \'Binance\', \'userId\': \'34\', \'transaction_ID\': \'0x0598b4482e9b8a344e3220e3a16093a36b1434f143d38badd75c5d4d6e3fbb09\', \'user_address\': \'0xe2fc31f816a9b94326492132018c3aecc4a93ae1\', \'datetime\': \'2024-08-03 17:55:00\', \'paymentId\': \'41046561\', \'amount\': \'100.000\', \'usd_amount\': \'99.834 USD\', \'payment_state\': \'Complete\', \'order_id\': \'CRYPTO29\', \'status\': True}','2024-08-03 17:57:59.267759','2024-08-03 17:58:59.166830',NULL,NULL,NULL),(30,33,'CRYPTO30',100.00,'CRYPTO_GATEWAY','PENDING',NULL,'2024-08-03 18:17:44.655447','2024-08-03 18:17:44.659541',NULL,NULL,NULL),(31,33,'CRYPTO31',100.00,'CRYPTO_GATEWAY','SUCCESS','{\'payment_mode\': \'Binance\', \'userId\': \'33\', \'transaction_ID\': \'0xcd8ec0c0aa6aedaea9fb788d399acb06ed07c6216696e9859421a7059c3b9a53\', \'user_address\': \'0xbd612a3f30dca67bf60a39fd0d35e39b7ab80774\', \'datetime\': \'2024-08-03 18:19:46\', \'paymentId\': \'41047056\', \'amount\': \'100.000\', \'usd_amount\': \'99.970 USD\', \'payment_state\': \'Complete\', \'order_id\': \'CRYPTO31\', \'status\': True}','2024-08-03 18:20:38.745119','2024-08-03 18:20:54.445185',NULL,NULL,NULL),(32,37,'CRYPTO32',100.00,'CRYPTO_GATEWAY','PENDING',NULL,'2024-08-03 20:11:48.895056','2024-08-03 20:11:48.900130',NULL,NULL,NULL),(33,37,'CRYPTO33',100.00,'CRYPTO_GATEWAY','SUCCESS','{\'payment_mode\': \'Binance\', \'userId\': \'37\', \'transaction_ID\': \'0xcc61e2a7c743ed85e96d20adb2bb837e0844082216244f09c816ee2de70099d7\', \'user_address\': \'0xeb2d2f1b8c558a40207669291fda468e50c8a0bb\', \'datetime\': \'2024-08-03 19:53:26\', \'paymentId\': \'41048920\', \'amount\': \'100.000\', \'usd_amount\': \'100.100 USD\', \'payment_state\': \'Complete\', \'order_id\': \'CRYPTO33\', \'status\': True}','2024-08-03 20:13:17.257293','2024-08-03 20:13:35.367043',NULL,NULL,NULL),(34,41,'CRYPTO34',100.00,'CRYPTO_GATEWAY','PENDING',NULL,'2024-08-04 05:09:28.817104','2024-08-04 05:09:28.825621',NULL,NULL,NULL),(35,41,'CRYPTO35',100.00,'CRYPTO_GATEWAY','PENDING',NULL,'2024-08-04 05:09:30.015707','2024-08-04 05:09:30.023532',NULL,NULL,NULL),(36,16,'CRYPTO36',11.00,'CRYPTO_GATEWAY','PENDING',NULL,'2024-08-04 07:37:04.832331','2024-08-04 07:37:04.839649',NULL,NULL,NULL);
/*!40000 ALTER TABLE `payments` ENABLE KEYS */;
UNLOCK TABLES;

--
-- Table structure for table `payouts`
--

DROP TABLE IF EXISTS `payouts`;
/*!40101 SET @saved_cs_client     = @@character_set_client */;
/*!50503 SET character_set_client = utf8mb4 */;
CREATE TABLE `payouts` (
  `id` int NOT NULL AUTO_INCREMENT,
  `cus_id` int NOT NULL,
  `request_amount` float DEFAULT NULL,
  `wallet_address` varchar(255) DEFAULT NULL,
  `service_charge` float DEFAULT NULL,
  `charge_amount` float DEFAULT NULL,
  `final_amount` float DEFAULT NULL,
  `status` varchar(10) DEFAULT 'PENDING',
  `remarks` text,
  `admin_remarks` text,
  `transaction_id` varchar(200) DEFAULT NULL,
  `created_at` datetime NOT NULL DEFAULT CURRENT_TIMESTAMP,
  `updated_at` datetime NOT NULL DEFAULT CURRENT_TIMESTAMP ON UPDATE CURRENT_TIMESTAMP,
  PRIMARY KEY (`id`),
  KEY `payouts_cus_id_id_6416fef3` (`cus_id`)
) ENGINE=InnoDB AUTO_INCREMENT=2 DEFAULT CHARSET=utf8mb4 COLLATE=utf8mb4_0900_ai_ci;
/*!40101 SET character_set_client = @saved_cs_client */;

--
-- Dumping data for table `payouts`
--

LOCK TABLES `payouts` WRITE;
/*!40000 ALTER TABLE `payouts` DISABLE KEYS */;
INSERT INTO `payouts` VALUES (1,2,11,'dfdfdf',15,1.65,9.35,'ACCEPT','dfdf','yyy','uuu','2024-07-27 09:48:58','2024-07-28 09:10:10');
/*!40000 ALTER TABLE `payouts` ENABLE KEYS */;
UNLOCK TABLES;

--
-- Table structure for table `wallet_transactions`
--

DROP TABLE IF EXISTS `wallet_transactions`;
/*!40101 SET @saved_cs_client     = @@character_set_client */;
/*!50503 SET character_set_client = utf8mb4 */;
CREATE TABLE `wallet_transactions` (
  `id` bigint NOT NULL AUTO_INCREMENT,
  `cus_id` int NOT NULL,
  `transaction_id` int DEFAULT NULL,
  `opening` decimal(15,5) NOT NULL,
  `credit` decimal(15,5) NOT NULL,
  `debit` decimal(15,5) NOT NULL,
  `closing` decimal(15,5) NOT NULL,
  `message` varchar(155) DEFAULT NULL,
  `from_to` int DEFAULT NULL,
  `level` int DEFAULT NULL,
  `created_at` datetime(6) NOT NULL,
  `updated_at` datetime(6) NOT NULL,
  `deleted_at` datetime(6) DEFAULT NULL,
  PRIMARY KEY (`id`)
) ENGINE=MyISAM AUTO_INCREMENT=416 DEFAULT CHARSET=utf8mb4 COLLATE=utf8mb4_0900_ai_ci;
/*!40101 SET character_set_client = @saved_cs_client */;

--
-- Dumping data for table `wallet_transactions`
--

LOCK TABLES `wallet_transactions` WRITE;
/*!40000 ALTER TABLE `wallet_transactions` DISABLE KEYS */;
INSERT INTO `wallet_transactions` VALUES (30,2,1,900.00000,0.00000,11.00000,889.00000,'PAYOUT',1,NULL,'2024-07-27 09:48:57.767783','2024-07-27 09:48:57.767805',NULL),(29,2,4,1000.00000,0.00000,100.00000,900.00000,'PAYOUT',4,NULL,'2024-07-23 15:46:01.422831','2024-07-23 15:46:01.422859',NULL),(15,6,64,0.00000,0.30000,0.00000,0.30000,'ADD_FUND',NULL,NULL,'2024-07-22 09:52:40.293592','2024-07-22 09:52:40.293619',NULL),(16,6,64,0.30000,0.00000,0.30000,0.00000,'ACTIVATION_ID',NULL,NULL,'2024-07-22 09:52:40.296635','2024-07-22 09:52:40.296653',NULL),(17,2,1,0.00000,100.00000,0.00000,100.00000,'ADD_FUND',NULL,NULL,'2024-07-22 13:48:51.353003','2024-07-22 13:48:51.353026',NULL),(18,2,1,100.00000,0.00000,100.00000,0.00000,'ACTIVATION_ID',NULL,NULL,'2024-07-22 13:48:51.355314','2024-07-22 13:48:51.355332',NULL),(19,3,2,0.00000,100.00000,0.00000,100.00000,'ADD_FUND',NULL,NULL,'2024-07-22 13:55:21.197559','2024-07-22 13:55:21.197587',NULL),(20,3,2,100.00000,0.00000,100.00000,0.00000,'ACTIVATION_ID',NULL,NULL,'2024-07-22 13:55:21.200645','2024-07-22 13:55:21.200666',NULL),(21,4,3,0.00000,100.00000,0.00000,100.00000,'ADD_FUND',NULL,NULL,'2024-07-22 13:58:04.871265','2024-07-22 13:58:04.871299',NULL),(22,4,3,100.00000,0.00000,100.00000,0.00000,'ACTIVATION_ID',NULL,NULL,'2024-07-22 13:58:04.873873','2024-07-22 13:58:04.873901',NULL),(23,5,4,0.00000,100.00000,0.00000,100.00000,'ADD_FUND',NULL,NULL,'2024-07-22 14:00:51.926963','2024-07-22 14:00:51.926995',NULL),(24,5,4,100.00000,0.00000,100.00000,0.00000,'ACTIVATION_ID',NULL,NULL,'2024-07-22 14:00:51.930247','2024-07-22 14:00:51.930276',NULL),(25,6,5,0.00000,100.00000,0.00000,100.00000,'ADD_FUND',NULL,NULL,'2024-07-22 14:04:13.716478','2024-07-22 14:04:13.716502',NULL),(26,6,5,100.00000,0.00000,100.00000,0.00000,'ACTIVATION_ID',NULL,NULL,'2024-07-22 14:04:13.719034','2024-07-22 14:04:13.719058',NULL),(27,7,6,0.00000,100.00000,0.00000,100.00000,'ADD_FUND',NULL,NULL,'2024-07-22 14:06:12.556880','2024-07-22 14:06:12.556904',NULL),(28,7,6,100.00000,0.00000,100.00000,0.00000,'ACTIVATION_ID',NULL,NULL,'2024-07-22 14:06:12.559972','2024-07-22 14:06:12.559990',NULL),(398,32,25,100.00000,0.00000,100.00000,0.00000,'ACTIVATION_ID',NULL,NULL,'2024-08-03 16:59:04.279677','2024-08-03 16:59:04.279734',NULL),(402,21,26,0.00000,100.00000,0.00000,100.00000,'ADD_FUND',NULL,NULL,'2024-08-03 17:06:10.203353','2024-08-03 17:06:10.203414',NULL),(403,21,26,100.00000,0.00000,100.00000,0.00000,'ACTIVATION_ID',NULL,NULL,'2024-08-03 17:06:10.208435','2024-08-03 17:06:10.208482',NULL),(404,24,27,0.00000,100.00000,0.00000,100.00000,'ADD_FUND',NULL,NULL,'2024-08-03 17:31:56.872531','2024-08-03 17:31:56.872562',NULL),(405,24,27,100.00000,0.00000,100.00000,0.00000,'ACTIVATION_ID',NULL,NULL,'2024-08-03 17:31:56.878776','2024-08-03 17:31:56.878826',NULL),(406,28,28,0.00000,100.00000,0.00000,100.00000,'ADD_FUND',NULL,NULL,'2024-08-03 17:44:37.747941','2024-08-03 17:44:37.747969',NULL),(407,28,28,100.00000,0.00000,100.00000,0.00000,'ACTIVATION_ID',NULL,NULL,'2024-08-03 17:44:37.751617','2024-08-03 17:44:37.751675',NULL),(408,34,29,0.00000,100.00000,0.00000,100.00000,'ADD_FUND',NULL,NULL,'2024-08-03 17:58:59.171292','2024-08-03 17:58:59.171325',NULL),(409,34,29,100.00000,0.00000,100.00000,0.00000,'ACTIVATION_ID',NULL,NULL,'2024-08-03 17:58:59.175070','2024-08-03 17:58:59.175152',NULL),(410,33,31,0.00000,100.00000,0.00000,100.00000,'ADD_FUND',NULL,NULL,'2024-08-03 18:20:54.447426','2024-08-03 18:20:54.447452',NULL),(411,33,31,100.00000,0.00000,100.00000,0.00000,'ACTIVATION_ID',NULL,NULL,'2024-08-03 18:20:54.450037','2024-08-03 18:20:54.450055',NULL),(412,37,33,0.00000,100.00000,0.00000,100.00000,'ADD_FUND',NULL,NULL,'2024-08-03 20:13:35.369462','2024-08-03 20:13:35.369497',NULL),(413,37,33,100.00000,0.00000,100.00000,0.00000,'ACTIVATION_ID',NULL,NULL,'2024-08-03 20:13:35.372644','2024-08-03 20:13:35.372689',NULL),(395,31,23,0.00000,100.00000,0.00000,100.00000,'ADD_FUND',NULL,NULL,'2024-08-03 16:52:48.751120','2024-08-03 16:52:48.751144',NULL),(396,31,23,100.00000,0.00000,100.00000,0.00000,'ACTIVATION_ID',NULL,NULL,'2024-08-03 16:52:48.753524','2024-08-03 16:52:48.753552',NULL),(397,32,25,0.00000,100.00000,0.00000,100.00000,'ADD_FUND',NULL,NULL,'2024-08-03 16:59:04.273471','2024-08-03 16:59:04.273510',NULL);
/*!40000 ALTER TABLE `wallet_transactions` ENABLE KEYS */;
UNLOCK TABLES;
/*!40103 SET TIME_ZONE=@OLD_TIME_ZONE */;

/*!40101 SET SQL_MODE=@OLD_SQL_MODE */;
/*!40014 SET FOREIGN_KEY_CHECKS=@OLD_FOREIGN_KEY_CHECKS */;
/*!40014 SET UNIQUE_CHECKS=@OLD_UNIQUE_CHECKS */;
/*!40101 SET CHARACTER_SET_CLIENT=@OLD_CHARACTER_SET_CLIENT */;
/*!40101 SET CHARACTER_SET_RESULTS=@OLD_CHARACTER_SET_RESULTS */;
/*!40101 SET COLLATION_CONNECTION=@OLD_COLLATION_CONNECTION */;
/*!40111 SET SQL_NOTES=@OLD_SQL_NOTES */;

-- Dump completed on 2024-08-04 10:18:07
